GEO.id,GEO.id2,GEO.display-label,HD01_VD01,HD02_VD01,HD01_VD02,HD02_VD02,HD01_VD03,HD02_VD03,HD01_VD04,HD02_VD04,HD01_VD05,HD02_VD05,HD01_VD06,HD02_VD06
Id,Id2,Geography,Estimate; Total:,Margin of Error; Total:,"Estimate; Total: - U.S. citizen, born in the United States","Margin of Error; Total: - U.S. citizen, born in the United States","Estimate; Total: - U.S. citizen, born in Puerto Rico or U.S. Island Areas","Margin of Error; Total: - U.S. citizen, born in Puerto Rico or U.S. Island Areas","Estimate; Total: - U.S. citizen, born abroad of American parent(s)","Margin of Error; Total: - U.S. citizen, born abroad of American parent(s)",Estimate; Total: - U.S. citizen by naturalization,Margin of Error; Total: - U.S. citizen by naturalization,Estimate; Total: - Not a U.S. citizen,Margin of Error; Total: - Not a U.S. citizen
5001300US0101,0101,"Congressional District 1 (113th Congress), Alabama",695176,3377,673345,4654,482,350,3266,1322,8944,1874,9139,2320
5001300US0102,0102,"Congressional District 2 (113th Congress), Alabama",690074,6903,664688,7701,591,349,6481,1047,8068,1288,10246,2058
5001300US0103,0103,"Congressional District 3 (113th Congress), Alabama",697761,3849,670497,4677,1488,945,4584,1304,7896,2096,13296,3018
5001300US0104,0104,"Congressional District 4 (113th Congress), Alabama",685175,4519,653306,4782,853,699,2919,974,5912,1277,22185,2553
5001300US0105,0105,"Congressional District 5 (113th Congress), Alabama",701220,96,660525,3640,1457,799,8820,1863,14195,2262,16223,2835
5001300US0106,0106,"Congressional District 6 (113th Congress), Alabama",697436,7763,660493,8278,1375,922,5224,1513,10731,2058,19613,2694
5001300US0107,0107,"Congressional District 7 (113th Congress), Alabama",666880,9844,648257,9140,324,310,2521,1095,4036,1085,11742,2362
5001300US0200,0200,"Congressional District (at Large) (113th Congress), Alaska",735132,*****,668628,4080,4433,1316,11311,2074,28509,2559,22251,3384
5001300US0401,0401,"Congressional District 1 (113th Congress), Arizona",723969,6870,672506,7186,728,398,5994,1414,16779,2336,27962,3917
5001300US0402,0402,"Congressional District 2 (113th Congress), Arizona",717970,11223,623096,11477,1757,698,12106,1978,37307,3359,43704,5669
5001300US0403,0403,"Congressional District 3 (113th Congress), Arizona",722963,16160,558752,14716,2185,1018,7185,1425,61598,4656,93243,6279
5001300US0404,0404,"Congressional District 4 (113th Congress), Arizona",732689,9636,662000,10397,1177,615,4404,1098,26437,3532,38671,4353
5001300US0405,0405,"Congressional District 5 (113th Congress), Arizona",759102,11019,672296,11358,1275,659,7362,1889,41107,3961,37062,4938
5001300US0406,0406,"Congressional District 6 (113th Congress), Arizona",737884,17460,632697,15599,1658,769,8042,1804,42753,4465,52734,6584
5001300US0407,0407,"Congressional District 7 (113th Congress), Arizona",749222,17386,544529,14761,1410,912,4703,985,45018,3849,153562,9064
5001300US0408,0408,"Congressional District 8 (113th Congress), Arizona",741374,10509,659771,11664,2038,913,8027,1629,36283,4049,35255,4976
5001300US0409,0409,"Congressional District 9 (113th Congress), Arizona",741451,15560,623937,15499,1935,793,8744,1604,34983,3545,71852,7058
5001300US0501,0501,"Congressional District 1 (113th Congress), Arkansas",729971,3136,710999,4153,252,205,4267,1277,6323,1343,8130,1631
5001300US0502,0502,"Congressional District 2 (113th Congress), Arkansas",751463,2034,716283,3996,1540,997,4520,1429,9384,2141,19736,3582
5001300US0503,0503,"Congressional District 3 (113th Congress), Arkansas",757765,3901,682286,6072,1122,983,5278,1437,20820,2846,48259,3908
5001300US0504,0504,"Congressional District 4 (113th Congress), Arkansas",720174,4676,695154,5020,185,199,3599,1062,7150,1649,14086,1950
5001300US0601,0601,"Congressional District 1 (113th Congress), California",707992,5833,655306,6786,420,242,4647,1217,24475,2918,23144,2731
5001300US0602,0602,"Congressional District 2 (113th Congress), California",713816,5790,609522,6914,553,319,8289,1546,46726,3659,48726,4705
5001300US0603,0603,"Congressional District 3 (113th Congress), California",714407,5510,567832,8001,2456,798,9973,1731,61375,4665,72771,5350
5001300US0604,0604,"Congressional District 4 (113th Congress), California",703377,7307,632856,8049,875,481,6903,1485,35413,3528,27330,3879
5001300US0605,0605,"Congressional District 5 (113th Congress), California",715332,7779,559480,8233,942,374,8283,1284,77440,5203,69187,5847
5001300US0606,0606,"Congressional District 6 (113th Congress), California",729428,9484,548368,10865,1213,713,7741,1567,88296,5508,83810,6088
5001300US0607,0607,"Congressional District 7 (113th Congress), California",721042,9151,577937,10290,1835,842,9459,1494,82863,5587,48948,5466
5001300US0608,0608,"Congressional District 8 (113th Congress), California",709384,8525,613671,9065,2752,1314,6426,1677,39581,4247,46954,5449
5001300US0609,0609,"Congressional District 9 (113th Congress), California",724907,7211,550713,8857,1448,995,6069,1461,73475,5576,93202,6334
5001300US0610,0610,"Congressional District 10 (113th Congress), California",722266,4652,573371,6997,1136,662,7500,2059,63152,5133,77107,5872
5001300US0611,0611,"Congressional District 11 (113th Congress), California",733916,7242,541889,9069,3009,1485,10293,1950,85441,5216,93284,6439
5001300US0612,0612,"Congressional District 12 (113th Congress), California",734662,7156,468170,8676,2908,1068,15266,2365,148976,6660,99342,6646
5001300US0613,0613,"Congressional District 13 (113th Congress), California",732753,4187,526003,7915,997,484,9046,1496,92642,6178,104065,6452
5001300US0614,0614,"Congressional District 14 (113th Congress), California",721245,10228,443428,10391,1964,907,11337,2043,159783,6215,104733,6815
5001300US0615,0615,"Congressional District 15 (113th Congress), California",734837,7732,484651,9053,1223,663,8078,1471,134039,6537,106846,6766
5001300US0616,0616,"Congressional District 16 (113th Congress), California",715257,10821,534026,11389,1268,751,5702,1675,60631,4752,113630,7505
5001300US0617,0617,"Congressional District 17 (113th Congress), California",732118,9114,382876,8391,1377,531,10103,1698,183578,7620,154184,7704
5001300US0618,0618,"Congressional District 18 (113th Congress), California",731201,12164,517254,10280,683,447,11732,1949,107298,6161,94234,7170
5001300US0619,0619,"Congressional District 19 (113th Congress), California",746071,11264,459435,8380,1032,557,8205,1597,152650,7013,124749,9369
5001300US0620,0620,"Congressional District 20 (113th Congress), California",725199,4764,531606,8326,815,535,7178,1276,59004,4603,126596,7627
5001300US0621,0621,"Congressional District 21 (113th Congress), California",711414,12496,495381,11161,2370,1268,4711,1297,49348,3970,159604,8781
5001300US0622,0622,"Congressional District 22 (113th Congress), California",730271,12714,588365,11313,889,679,5707,2241,58836,4921,76474,5726
5001300US0623,0623,"Congressional District 23 (113th Congress), California",726292,13137,617750,12591,660,436,6175,1563,42609,4330,59098,6484
5001300US0624,0624,"Congressional District 24 (113th Congress), California",722008,1925,580059,6597,835,605,7972,1533,48022,4204,85120,5974
5001300US0625,0625,"Congressional District 25 (113th Congress), California",716815,10516,561402,9934,929,420,5692,1325,81680,5764,67112,5587
5001300US0626,0626,"Congressional District 26 (113th Congress), California",712804,3320,534142,7083,1183,828,6107,1267,78000,3927,93372,6097
5001300US0627,0627,"Congressional District 27 (113th Congress), California",716835,8280,433977,10300,991,690,6812,1326,175077,6491,99978,6579
5001300US0628,0628,"Congressional District 28 (113th Congress), California",708212,13009,411976,11836,1447,795,6815,1193,169759,8056,118215,8368
5001300US0629,0629,"Congressional District 29 (113th Congress), California",692267,20911,376314,12739,1118,615,5891,1257,124013,6991,184931,10861
5001300US0630,0630,"Congressional District 30 (113th Congress), California",744617,20486,490555,14082,1296,1017,6834,1841,141542,7794,104390,9654
5001300US0631,0631,"Congressional District 31 (113th Congress), California",725024,11294,561472,11980,1343,660,8407,1904,74159,5275,79643,6646
5001300US0632,0632,"Congressional District 32 (113th Congress), California",706167,10621,455710,11646,1030,496,4936,1268,130026,6016,114465,7369
5001300US0633,0633,"Congressional District 33 (113th Congress), California",717954,14269,540007,12974,411,218,7206,1600,101958,6363,68372,5794
5001300US0634,0634,"Congressional District 34 (113th Congress), California",712425,19253,357200,13643,1319,586,6312,1201,121868,4888,225726,9946
5001300US0635,0635,"Congressional District 35 (113th Congress), California",728298,10316,498602,10873,2915,1437,4666,1207,93927,5597,128188,6454
5001300US0636,0636,"Congressional District 36 (113th Congress), California",722653,9595,560739,11540,838,524,4193,1247,57032,4871,99851,7602
5001300US0637,0637,"Congressional District 37 (113th Congress), California",732610,21660,496132,15965,1236,683,6594,1297,95304,6377,133344,9341
5001300US0638,0638,"Congressional District 38 (113th Congress), California",725481,12826,503974,11548,2031,1093,6332,1284,124457,5573,88687,6409
5001300US0639,0639,"Congressional District 39 (113th Congress), California",721014,8837,482197,10768,1320,891,8589,1388,142865,6635,86043,7591
5001300US0640,0640,"Congressional District 40 (113th Congress), California",718451,16586,416999,11287,1111,662,2930,912,92769,5289,204642,9311
5001300US0641,0641,"Congressional District 41 (113th Congress), California",734942,6231,551503,8297,2093,1155,5831,1397,77345,5251,98170,6893
5001300US0642,0642,"Congressional District 42 (113th Congress), California",746215,10566,585508,10394,2413,1609,6764,1872,82298,5314,69232,5880
5001300US0643,0643,"Congressional District 43 (113th Congress), California",730217,14989,488667,12129,1479,692,7593,1899,104177,5369,128301,8755
5001300US0644,0644,"Congressional District 44 (113th Congress), California",706791,15794,455935,12632,1951,770,5505,1202,97411,5195,145989,8724
5001300US0645,0645,"Congressional District 45 (113th Congress), California",733706,7059,529445,10591,625,440,7809,1839,119147,6282,76680,7921
5001300US0646,0646,"Congressional District 46 (113th Congress), California",726686,11954,431002,10498,559,611,5724,1368,102551,6752,186850,9349
5001300US0647,0647,"Congressional District 47 (113th Congress), California",721957,11856,502619,10174,3335,1182,6669,1578,118450,6480,90884,6390
5001300US0648,0648,"Congressional District 48 (113th Congress), California",723140,9366,532160,8921,1027,399,8663,2106,111446,5933,69844,6279
5001300US0649,0649,"Congressional District 49 (113th Congress), California",717823,11217,587868,13192,1744,735,7014,1527,58241,6273,62956,6163
5001300US0650,0650,"Congressional District 50 (113th Congress), California",730427,12706,572723,12212,1871,856,5062,1196,63677,5170,87094,8782
5001300US0651,0651,"Congressional District 51 (113th Congress), California",743982,15699,476351,13445,1749,733,11800,1877,106188,5271,147894,7459
5001300US0652,0652,"Congressional District 52 (113th Congress), California",713904,12904,535590,12232,2676,1294,13651,2391,92981,6571,69006,6610
5001300US0653,0653,"Congressional District 53 (113th Congress), California",741909,19028,552289,13388,3953,1068,11465,1514,92978,6876,81224,9061
5001300US0801,0801,"Congressional District 1 (113th Congress), Colorado",772255,5149,654801,8258,424,278,9036,1729,35394,3401,72600,5902
5001300US0802,0802,"Congressional District 2 (113th Congress), Colorado",755671,6710,688655,7556,518,296,8763,1625,27111,2803,30624,4133
5001300US0803,0803,"Congressional District 3 (113th Congress), Colorado",721617,5006,672081,5848,679,473,6121,1347,14456,2010,28280,3107
5001300US0804,0804,"Congressional District 4 (113th Congress), Colorado",748624,5378,683716,6630,1241,729,7981,2057,22853,2525,32833,3768
5001300US0805,0805,"Congressional District 5 (113th Congress), Colorado",749815,1527,683251,4883,2505,864,17202,2140,24256,2838,22601,3070
5001300US0806,0806,"Congressional District 6 (113th Congress), Colorado",765338,6459,642718,7581,726,394,12083,2014,45194,4100,64617,4857
5001300US0807,0807,"Congressional District 7 (113th Congress), Colorado",755047,7094,668632,8436,1075,456,5525,1243,28336,3114,51479,4828
5001300US0901,0901,"Congressional District 1 (113th Congress), Connecticut",716580,7925,577090,9338,25871,2973,6825,1323,57014,3810,49780,4871
5001300US0902,0902,"Congressional District 2 (113th Congress), Connecticut",714637,5408,646522,6996,10904,2365,5723,1144,30471,3025,21017,3247
5001300US0903,0903,"Congressional District 3 (113th Congress), Connecticut",716738,6439,608227,8779,16171,2467,9014,2181,40095,3415,43231,5432
5001300US0904,0904,"Congressional District 4 (113th Congress), Connecticut",735823,4184,553144,8805,11271,2159,10972,2365,67041,4522,93395,7126
5001300US0905,0905,"Congressional District 5 (113th Congress), Connecticut",712302,8913,586447,9649,23852,2593,4404,1192,50109,3676,47490,4973
5001300US1000,1000,"Congressional District (at Large) (113th Congress), Delaware",925749,*****,833503,4459,9674,2114,5804,1243,34625,3031,42143,3706
5001300US1198,1198,"Delegate District (at Large) (113th Congress), District of Columbia",646449,*****,541666,5878,2314,941,9650,1861,38038,3874,54781,4578
5001300US1201,1201,"Congressional District 1 (113th Congress), Florida",729553,1836,675817,4393,4914,1548,12165,2155,22963,3132,13694,2087
5001300US1202,1202,"Congressional District 2 (113th Congress), Florida",710751,3124,664757,4552,4691,1277,6311,1314,15830,2070,19162,3146
5001300US1203,1203,"Congressional District 3 (113th Congress), Florida",707112,9022,644533,9460,6864,2469,7208,1688,25525,2967,22982,2847
5001300US1204,1204,"Congressional District 4 (113th Congress), Florida",705007,9990,619188,10052,5630,1616,9479,2069,39179,4711,31531,5203
5001300US1205,1205,"Congressional District 5 (113th Congress), Florida",729368,20650,616406,17541,21464,4464,6295,1616,38917,4318,46286,5686
5001300US1206,1206,"Congressional District 6 (113th Congress), Florida",722788,5638,662920,6789,6386,1578,5546,1612,30044,3136,17892,2796
5001300US1207,1207,"Congressional District 7 (113th Congress), Florida",716811,10988,590596,12104,36095,5323,10505,2491,47821,4638,31794,4582
5001300US1208,1208,"Congressional District 8 (113th Congress), Florida",704053,3073,623480,6001,11339,3049,8614,1569,39019,3764,21601,2745
5001300US1209,1209,"Congressional District 9 (113th Congress), Florida",768459,18633,493948,18296,109303,10427,13715,3508,77636,7837,73857,7491
5001300US1210,1210,"Congressional District 10 (113th Congress), Florida",732296,17321,595712,15886,25788,4077,10009,2610,51230,5259,49557,6894
5001300US1211,1211,"Congressional District 11 (113th Congress), Florida",715956,6240,656382,7872,11495,3108,6031,1973,25699,2947,16349,3210
5001300US1212,1212,"Congressional District 12 (113th Congress), Florida",719044,9643,633388,9089,10328,2188,6953,1323,41963,3339,26412,3359
5001300US1213,1213,"Congressional District 13 (113th Congress), Florida",699288,9099,598420,10988,8521,2101,7926,1695,48468,4378,35953,4160
5001300US1214,1214,"Congressional District 14 (113th Congress), Florida",733381,15028,570101,12451,31223,5227,9323,1995,57577,4406,65157,6301
5001300US1215,1215,"Congressional District 15 (113th Congress), Florida",718325,17206,611193,16209,15589,3223,8864,1820,40316,4236,42363,4851
5001300US1216,1216,"Congressional District 16 (113th Congress), Florida",727073,1380,625918,6904,4485,1487,6432,1560,43291,4479,46947,5683
5001300US1217,1217,"Congressional District 17 (113th Congress), Florida",721297,17305,617688,14542,12985,3360,6545,1759,38969,3889,45110,6339
5001300US1218,1218,"Congressional District 18 (113th Congress), Florida",705469,8746,595671,9375,7373,2340,5357,1574,58677,6030,38391,4756
5001300US1219,1219,"Congressional District 19 (113th Congress), Florida",738554,10706,604142,11047,9180,2108,6762,1989,51324,5312,67146,6638
5001300US1220,1220,"Congressional District 20 (113th Congress), Florida",728883,18595,476330,16134,11389,3768,8796,2178,117836,7451,114532,9149
5001300US1221,1221,"Congressional District 21 (113th Congress), Florida",738875,11958,529695,9434,13357,3138,7621,1645,108674,6188,79528,6572
5001300US1222,1222,"Congressional District 22 (113th Congress), Florida",734319,17881,523267,14299,10287,2729,9936,2203,87675,6270,103154,8650
5001300US1223,1223,"Congressional District 23 (113th Congress), Florida",719732,9770,432590,11267,15336,3304,9062,1795,143073,7354,119671,8375
5001300US1224,1224,"Congressional District 24 (113th Congress), Florida",725282,15867,410711,14355,14929,3447,7566,1873,153032,8093,139044,10461
5001300US1225,1225,"Congressional District 25 (113th Congress), Florida",740305,15523,329117,12589,15660,4233,5471,1317,211051,9472,179006,9482
5001300US1226,1226,"Congressional District 26 (113th Congress), Florida",741247,16586,365250,13491,11530,2641,10235,2503,207812,9658,146420,10875
5001300US1227,1227,"Congressional District 27 (113th Congress), Florida",719632,16819,318152,12571,13580,3064,6978,1231,205137,8562,175785,10162
5001300US1301,1301,"Congressional District 1 (113th Congress), Georgia",721388,3832,673721,5778,3699,1156,8087,1628,16040,2997,19841,3540
5001300US1302,1302,"Congressional District 2 (113th Congress), Georgia",696006,8155,658194,8143,2105,887,6258,1403,10432,2247,19017,2465
5001300US1303,1303,"Congressional District 3 (113th Congress), Georgia",713143,11097,670949,10166,1820,829,6310,1521,13459,2081,20605,3373
5001300US1304,1304,"Congressional District 4 (113th Congress), Georgia",721682,15204,595627,13811,5175,2539,6775,1673,44552,4250,69553,7042
5001300US1305,1305,"Congressional District 5 (113th Congress), Georgia",719920,14595,642871,13181,2306,1250,6889,1725,21618,2866,46236,5931
5001300US1306,1306,"Congressional District 6 (113th Congress), Georgia",726129,11007,554045,11051,3463,1294,8801,1809,67311,4446,92509,6782
5001300US1307,1307,"Congressional District 7 (113th Congress), Georgia",735051,13873,550015,13210,3748,1319,9919,2694,75678,6231,95691,6771
5001300US1308,1308,"Congressional District 8 (113th Congress), Georgia",696584,6314,653461,6875,881,502,7297,1533,11122,2193,23823,3346
5001300US1309,1309,"Congressional District 9 (113th Congress), Georgia",711655,6666,652151,6884,1887,1244,3095,901,13892,2275,40630,4168
5001300US1310,1310,"Congressional District 10 (113th Congress), Georgia",699534,12999,657387,11424,1741,826,5700,1063,14665,3578,20041,3799
5001300US1311,1311,"Congressional District 11 (113th Congress), Georgia",730150,12608,633657,10157,3373,1660,8120,2301,31364,4102,53636,5787
5001300US1312,1312,"Congressional District 12 (113th Congress), Georgia",706182,4206,667799,4484,1692,651,7660,1936,11388,1613,17643,2693
5001300US1313,1313,"Congressional District 13 (113th Congress), Georgia",718624,16846,635264,16599,2707,1239,5464,1419,30905,3989,44284,6101
5001300US1314,1314,"Congressional District 14 (113th Congress), Georgia",696119,3216,646270,4892,2024,1381,2781,910,13034,2542,32010,3810
5001300US1501,1501,"Congressional District 1 (113th Congress), Hawaii",702026,10548,522331,11888,7656,1802,15301,2113,90791,5111,65947,5834
5001300US1502,1502,"Congressional District 2 (113th Congress), Hawaii",702028,10548,595719,11652,4810,1406,11773,2038,48941,3571,40785,5832
5001300US1601,1601,"Congressional District 1 (113th Congress), Idaho",812462,6568,767935,8083,606,470,7752,1868,15568,2838,20601,2790
5001300US1602,1602,"Congressional District 2 (113th Congress), Idaho",799674,6568,734065,8713,926,735,5327,1280,20335,2423,39021,3757
5001300US1701,1701,"Congressional District 1 (113th Congress), Illinois",718967,17607,658794,15910,634,463,3554,1826,28837,3766,27148,4067
5001300US1702,1702,"Congressional District 2 (113th Congress), Illinois",699363,13684,649296,13022,917,440,1620,727,23572,3322,23958,3712
5001300US1703,1703,"Congressional District 3 (113th Congress), Illinois",737806,14660,565389,13999,3176,1593,5665,1294,75803,5462,87773,8483
5001300US1704,1704,"Congressional District 4 (113th Congress), Illinois",712077,17843,437023,12636,18867,2704,5178,1437,84343,5836,166666,10609
5001300US1705,1705,"Congressional District 5 (113th Congress), Illinois",734664,17131,558380,14058,7583,1886,7408,1747,90494,6605,70799,5769
5001300US1706,1706,"Congressional District 6 (113th Congress), Illinois",727718,9058,616800,10772,1361,765,4983,1303,61398,5272,43176,5169
5001300US1707,1707,"Congressional District 7 (113th Congress), Illinois",720325,18174,627043,18228,4574,1400,3736,988,34119,3386,50853,5785
5001300US1708,1708,"Congressional District 8 (113th Congress), Illinois",715255,10042,505690,12683,2898,1038,7318,1764,91244,5880,108105,7670
5001300US1709,1709,"Congressional District 9 (113th Congress), Illinois",709590,15210,505108,12864,1192,674,5920,1418,111353,5753,86017,8506
5001300US1710,1710,"Congressional District 10 (113th Congress), Illinois",716308,8561,531478,7330,2741,1095,4699,919,87917,4790,89473,6899
5001300US1711,1711,"Congressional District 11 (113th Congress), Illinois",709493,10455,564794,10646,2789,1084,4080,1020,58361,5012,79469,6305
5001300US1712,1712,"Congressional District 12 (113th Congress), Illinois",702625,3525,681469,4096,517,473,4709,1244,7879,1383,8051,1504
5001300US1713,1713,"Congressional District 13 (113th Congress), Illinois",715907,7725,676692,7965,390,287,3948,1074,13283,1777,21594,2539
5001300US1714,1714,"Congressional District 14 (113th Congress), Illinois",729162,7852,657636,9233,349,300,5491,1576,33778,3748,31908,4949
5001300US1715,1715,"Congressional District 15 (113th Congress), Illinois",705563,5300,689507,5601,428,208,2738,753,6568,1235,6322,1436
5001300US1716,1716,"Congressional District 16 (113th Congress), Illinois",697856,7669,660371,7783,925,611,2764,739,17614,2688,16182,2785
5001300US1717,1717,"Congressional District 17 (113th Congress), Illinois",710667,8000,672360,8458,1000,563,2806,811,13495,1853,21006,2688
5001300US1718,1718,"Congressional District 18 (113th Congress), Illinois",718789,8995,685776,8843,577,300,3526,1145,12904,2535,16006,2285
5001300US1801,1801,"Congressional District 1 (113th Congress), Indiana",719164,2179,672574,4863,4699,1224,3052,918,20971,2736,17868,2799
5001300US1802,1802,"Congressional District 2 (113th Congress), Indiana",719730,2726,676341,5132,488,339,3560,917,11656,1699,27685,4131
5001300US1803,1803,"Congressional District 3 (113th Congress), Indiana",729747,2236,694740,3221,160,154,3820,955,13384,1926,17643,1998
5001300US1804,1804,"Congressional District 4 (113th Congress), Indiana",738647,3590,697845,4979,536,544,4135,1076,9623,1702,26508,2467
5001300US1805,1805,"Congressional District 5 (113th Congress), Indiana",743062,7048,690592,7044,2151,1604,5798,1409,20038,2662,24483,3928
5001300US1806,1806,"Congressional District 6 (113th Congress), Indiana",724638,3229,704894,4313,279,247,2769,1116,5910,1348,10786,1922
5001300US1807,1807,"Congressional District 7 (113th Congress), Indiana",743136,6905,671317,8633,1381,963,3791,1488,15199,2678,51448,4638
5001300US1808,1808,"Congressional District 8 (113th Congress), Indiana",720976,2440,703667,3101,179,151,3389,909,4476,1078,9265,1916
5001300US1809,1809,"Congressional District 9 (113th Congress), Indiana",731802,3895,700415,4752,819,638,3010,918,9400,1626,18158,2347
5001300US1901,1901,"Congressional District 1 (113th Congress), Iowa",766821,1621,736577,3516,503,405,2766,833,9393,1740,17582,2745
5001300US1902,1902,"Congressional District 2 (113th Congress), Iowa",774072,1402,735802,3269,999,587,4207,1146,13127,1952,19937,2309
5001300US1903,1903,"Congressional District 3 (113th Congress), Iowa",788588,1402,731267,5157,183,160,4718,1315,21318,2967,31102,4003
5001300US1904,1904,"Congressional District 4 (113th Congress), Iowa",760935,1621,722036,3359,433,335,1803,573,11357,1705,25306,2583
5001300US2001,2001,"Congressional District 1 (113th Congress), Kansas",722463,2061,663059,3850,741,630,5486,1154,15323,2053,37854,3718
5001300US2002,2002,"Congressional District 2 (113th Congress), Kansas",715785,2663,686263,4114,752,465,4171,846,8428,1377,16171,2524
5001300US2003,2003,"Congressional District 3 (113th Congress), Kansas",738508,1970,663166,4833,386,219,4010,1039,22400,2091,48546,4078
5001300US2004,2004,"Congressional District 4 (113th Congress), Kansas",717201,1655,661685,4340,606,361,5459,1050,20699,2674,28752,3462
5001300US2101,2101,"Congressional District 1 (113th Congress), Kentucky",723347,3390,708237,3993,574,343,3179,950,4973,1073,6384,1295
5001300US2102,2102,"Congressional District 2 (113th Congress), Kentucky",737296,3946,707751,4738,1073,612,7379,1709,8306,1508,12787,2246
5001300US2103,2103,"Congressional District 3 (113th Congress), Kentucky",739047,2464,684229,4820,380,285,4478,1055,17715,2427,32245,4012
5001300US2104,2104,"Congressional District 4 (113th Congress), Kentucky",736293,4722,711677,5357,1636,1166,3365,932,8627,1516,10988,1763
5001300US2105,2105,"Congressional District 5 (113th Congress), Kentucky",714729,3755,705778,3962,171,208,2052,793,3924,1299,2804,901
5001300US2106,2106,"Congressional District 6 (113th Congress), Kentucky",744583,4541,698769,5970,1090,631,4461,1178,12540,2079,27723,2883
5001300US2201,2201,"Congressional District 1 (113th Congress), Louisiana",781134,10535,727098,10144,802,375,2969,938,24678,3592,25587,4269
5001300US2202,2202,"Congressional District 2 (113th Congress), Louisiana",784928,12865,732098,12487,1416,755,3116,868,19930,2130,28368,3506
5001300US2203,2203,"Congressional District 3 (113th Congress), Louisiana",769331,1732,742033,3451,1376,911,4388,1386,8428,1949,13106,2268
5001300US2204,2204,"Congressional District 4 (113th Congress), Louisiana",762517,4099,736561,5273,1559,659,5803,1167,6163,1233,12431,2196
5001300US2205,2205,"Congressional District 5 (113th Congress), Louisiana",754131,6421,737438,6414,435,239,3625,1092,5199,1139,7434,2120
5001300US2206,2206,"Congressional District 6 (113th Congress), Louisiana",773429,12251,737503,11884,733,626,3958,1419,11635,1871,19600,4533
5001300US2301,2301,"Congressional District 1 (113th Congress), Maine",670714,3518,637425,4176,539,384,5877,1189,16222,2679,10651,2256
5001300US2302,2302,"Congressional District 2 (113th Congress), Maine",657588,3518,632256,4176,539,330,6979,1051,9129,1238,8685,1487
5001300US2401,2401,"Congressional District 1 (113th Congress), Maryland",723716,9212,682288,9749,1248,587,5497,1194,17953,2179,16730,2897
5001300US2402,2402,"Congressional District 2 (113th Congress), Maryland",745135,17709,653915,17079,2400,1029,9627,1829,39817,3697,39376,5062
5001300US2403,2403,"Congressional District 3 (113th Congress), Maryland",740451,16232,619471,14128,2772,1295,11021,2484,58260,5233,48927,5102
5001300US2404,2404,"Congressional District 4 (113th Congress), Maryland",739293,13141,595062,11347,2155,726,7779,1567,50989,4346,83308,5045
5001300US2405,2405,"Congressional District 5 (113th Congress), Maryland",752393,11980,663096,10813,2289,1007,8277,1394,42452,3805,36279,3901
5001300US2406,2406,"Congressional District 6 (113th Congress), Maryland",747058,12595,578195,10931,2195,858,8403,1262,85975,5116,72290,6267
5001300US2407,2407,"Congressional District 7 (113th Congress), Maryland",724692,13377,647681,12312,1299,765,6060,1286,31498,3004,38154,4958
5001300US2408,2408,"Congressional District 8 (113th Congress), Maryland",756076,13325,561170,10820,4084,2294,10580,1749,93400,6118,86842,6761
5001300US2501,2501,"Congressional District 1 (113th Congress), Massachusetts",729965,5892,626179,7751,40145,3713,4510,1096,36135,4099,22996,4067
5001300US2502,2502,"Congressional District 2 (113th Congress), Massachusetts",738642,8914,628733,9483,14286,2816,5575,1096,42669,3071,47379,4914
5001300US2503,2503,"Congressional District 3 (113th Congress), Massachusetts",742932,7150,590710,9168,20293,3011,6524,1430,67953,5010,57452,5554
5001300US2504,2504,"Congressional District 4 (113th Congress), Massachusetts",746358,8791,644265,9135,3432,1286,7203,1401,52779,3924,38679,3775
5001300US2505,2505,"Congressional District 5 (113th Congress), Massachusetts",754065,7859,576561,11601,4366,1560,7900,1389,79056,5594,86182,6637
5001300US2506,2506,"Congressional District 6 (113th Congress), Massachusetts",750623,4540,650793,7110,4139,1298,3995,1156,49731,4055,41965,4710
5001300US2507,2507,"Congressional District 7 (113th Congress), Massachusetts",751062,8127,494386,9544,14327,3264,9212,1851,106006,5683,127131,6994
5001300US2508,2508,"Congressional District 8 (113th Congress), Massachusetts",759336,10592,624855,10845,5845,1645,6281,1505,75351,5324,47004,4095
5001300US2509,2509,"Congressional District 9 (113th Congress), Massachusetts",719841,9396,638683,10173,6787,1343,6684,1441,39329,3773,28358,3559
5001300US2601,2601,"Congressional District 1 (113th Congress), Michigan",704991,1153,689120,2027,483,345,3103,612,6480,1052,5805,1005
5001300US2602,2602,"Congressional District 2 (113th Congress), Michigan",717114,3396,675987,5036,1946,1448,3430,848,18034,2730,17717,2756
5001300US2603,2603,"Congressional District 3 (113th Congress), Michigan",720731,3343,677619,5413,1432,827,6635,2126,12703,2158,22342,3326
5001300US2604,2604,"Congressional District 4 (113th Congress), Michigan",709423,4350,692081,4861,184,149,2892,772,6197,1050,8069,1292
5001300US2605,2605,"Congressional District 5 (113th Congress), Michigan",682848,4612,666586,5196,718,305,2092,693,9344,1447,4108,1195
5001300US2606,2606,"Congressional District 6 (113th Congress), Michigan",709976,1173,675783,2955,1053,597,3545,1110,11214,1705,18381,2287
5001300US2607,2607,"Congressional District 7 (113th Congress), Michigan",703537,3747,684706,3755,401,303,2398,668,8285,1602,7747,1803
5001300US2608,2608,"Congressional District 8 (113th Congress), Michigan",713867,5468,657911,6744,304,307,3894,773,26016,2796,25742,2550
5001300US2609,2609,"Congressional District 9 (113th Congress), Michigan",713212,7875,627512,8135,304,366,3619,857,44502,3740,37275,5299
5001300US2610,2610,"Congressional District 10 (113th Congress), Michigan",711342,5035,661059,5477,191,199,5736,1274,26219,3165,18137,3530
5001300US2611,2611,"Congressional District 11 (113th Congress), Michigan",717393,6001,615099,8068,239,189,6236,1678,51239,4004,44580,4090
5001300US2612,2612,"Congressional District 12 (113th Congress), Michigan",711313,7245,621203,7685,1110,845,9894,1941,42303,3269,36803,3546
5001300US2613,2613,"Congressional District 13 (113th Congress), Michigan",673446,12548,626940,12324,1291,658,2707,677,18682,2483,23826,3187
5001300US2614,2614,"Congressional District 14 (113th Congress), Michigan",706429,12481,634561,12950,1678,724,5154,1598,33846,3309,31190,3612
5001300US2701,2701,"Congressional District 1 (113th Congress), Minnesota",668726,2643,627690,3572,947,1080,4062,871,16558,1962,19469,2349
5001300US2702,2702,"Congressional District 2 (113th Congress), Minnesota",681195,2899,624381,4983,936,748,4678,1134,28051,2368,23149,3132
5001300US2703,2703,"Congressional District 3 (113th Congress), Minnesota",685092,5183,609844,6974,606,377,4423,1102,40719,3827,29500,3609
5001300US2704,2704,"Congressional District 4 (113th Congress), Minnesota",686098,3070,590827,5673,1026,555,6090,1415,46215,3788,41940,4594
5001300US2705,2705,"Congressional District 5 (113th Congress), Minnesota",697725,5736,584794,7725,528,368,5372,1047,49477,4113,57554,5264
5001300US2706,2706,"Congressional District 6 (113th Congress), Minnesota",675687,5053,647649,5593,476,450,2962,1109,14030,1928,10570,2171
5001300US2707,2707,"Congressional District 7 (113th Congress), Minnesota",662860,2343,643428,2925,303,183,2774,736,7143,1353,9212,1322
5001300US2708,2708,"Congressional District 8 (113th Congress), Minnesota",662997,1619,649576,2032,181,185,3313,574,5752,954,4175,1012
5001300US2801,2801,"Congressional District 1 (113th Congress), Mississippi",756459,2838,737625,3049,655,465,2197,724,5673,1329,10309,1886
5001300US2802,2802,"Congressional District 2 (113th Congress), Mississippi",726159,5526,713577,5752,229,251,2407,1018,4195,1156,5751,1290
5001300US2803,2803,"Congressional District 3 (113th Congress), Mississippi",750332,5506,728208,6377,1622,693,3051,966,5693,1672,11758,2132
5001300US2804,2804,"Congressional District 4 (113th Congress), Mississippi",758257,618,729249,3123,2786,1099,6702,1962,8483,1498,11037,2627
5001300US2901,2901,"Congressional District 1 (113th Congress), Missouri",737033,9684,689961,9982,852,692,4899,1620,17069,2210,24252,3626
5001300US2902,2902,"Congressional District 2 (113th Congress), Missouri",768428,14744,712725,14690,544,537,4924,1469,29664,2812,20571,2977
5001300US2903,2903,"Congressional District 3 (113th Congress), Missouri",760643,10345,738826,10027,431,288,3284,909,8511,1774,9591,1746
5001300US2904,2904,"Congressional District 4 (113th Congress), Missouri",756407,3842,727617,4306,786,522,4598,1045,8557,1846,14849,2173
5001300US2905,2905,"Congressional District 5 (113th Congress), Missouri",758911,7794,708502,8535,463,307,5413,1282,17365,2810,27168,3250
5001300US2906,2906,"Congressional District 6 (113th Congress), Missouri",754588,7960,727959,7883,1533,1287,3084,1077,11041,2345,10971,2849
5001300US2907,2907,"Congressional District 7 (113th Congress), Missouri",759566,2919,729245,4359,599,576,4587,1252,10927,1998,14208,2577
5001300US2908,2908,"Congressional District 8 (113th Congress), Missouri",748595,5321,738034,5179,186,176,1858,609,2253,729,6264,1090
5001300US3000,3000,"Congressional District (at Large) (113th Congress), Montana",1015165,*****,987034,2902,615,427,8051,1564,11127,1756,8338,1402
5001300US3101,3101,"Congressional District 1 (113th Congress), Nebraska",628082,3374,583852,4058,944,616,4955,1161,15214,1915,23117,2850
5001300US3102,3102,"Congressional District 2 (113th Congress), Nebraska",634418,2324,574206,4222,199,201,5669,1189,18066,2405,36278,3378
5001300US3103,3103,"Congressional District 3 (113th Congress), Nebraska",606016,2858,572343,3827,298,217,2868,658,8494,1257,22013,2192
5001300US3201,3201,"Congressional District 1 (113th Congress), Nevada",673794,15308,461738,14359,3031,1128,7476,1755,77979,4913,123570,5876
5001300US3202,3202,"Congressional District 2 (113th Congress), Nevada",690786,3562,598490,5126,1902,781,6129,1592,38829,3055,45436,3877
5001300US3203,3203,"Congressional District 3 (113th Congress), Nevada",720438,14771,576077,14226,2600,826,10682,2632,84035,4421,47044,4508
5001300US3204,3204,"Congressional District 4 (113th Congress), Nevada",705118,15360,578697,13813,4306,1867,9844,1732,50106,4373,62165,6024
5001300US3301,3301,"Congressional District 1 (113th Congress), New Hampshire",662473,7006,617684,7866,1782,970,5051,1369,20305,2442,17651,2792
5001300US3302,3302,"Congressional District 2 (113th Congress), New Hampshire",660986,7006,616444,7363,2184,1204,5139,1114,20143,2784,17076,3064
5001300US3401,3401,"Congressional District 1 (113th Congress), New Jersey",730895,5570,641687,6209,14924,2356,5111,1074,38873,3487,30300,3706
5001300US3402,3402,"Congressional District 2 (113th Congress), New Jersey",732764,6388,637268,7070,17981,2346,3417,1208,36851,3272,37247,4058
5001300US3403,3403,"Congressional District 3 (113th Congress), New Jersey",742640,5609,672828,6400,6251,1751,6655,1185,37521,2923,19385,3365
5001300US3404,3404,"Congressional District 4 (113th Congress), New Jersey",735064,8256,632377,8946,5849,1643,6598,1201,49204,4095,41036,4719
5001300US3405,3405,"Congressional District 5 (113th Congress), New Jersey",733032,8904,584904,9029,5366,1920,5069,1443,86139,5133,51554,5320
5001300US3406,3406,"Congressional District 6 (113th Congress), New Jersey",738398,9075,511304,10355,12010,2353,4580,863,105922,6505,104582,5796
5001300US3407,3407,"Congressional District 7 (113th Congress), New Jersey",748580,9885,613036,9073,5051,1383,8254,1744,74032,4812,48207,5132
5001300US3408,3408,"Congressional District 8 (113th Congress), New Jersey",758406,10373,383003,9945,28358,3477,7671,1505,145825,6701,193549,8435
5001300US3409,3409,"Congressional District 9 (113th Congress), New Jersey",760064,10416,443642,11783,18169,2934,13957,2662,146846,9059,137450,6880
5001300US3410,3410,"Congressional District 10 (113th Congress), New Jersey",733056,12271,511071,12166,12924,2316,7250,1835,109495,7527,92316,6638
5001300US3411,3411,"Congressional District 11 (113th Congress), New Jersey",735846,9538,595384,9291,2926,1178,6759,1447,83620,4674,47157,4863
5001300US3412,3412,"Congressional District 12 (113th Congress), New Jersey",750594,7764,527103,11107,9178,2241,5651,1697,106756,6102,101906,6970
5001300US3501,3501,"Congressional District 1 (113th Congress), New Mexico",694442,6597,607935,9453,1578,672,7747,1390,24839,2787,52343,6325
5001300US3502,3502,"Congressional District 2 (113th Congress), New Mexico",697027,4802,601130,7208,703,427,6258,1331,30784,2943,58152,4350
5001300US3503,3503,"Congressional District 3 (113th Congress), New Mexico",693818,6253,640167,7349,1406,945,7114,1385,17028,2654,28103,4011
5001300US3601,3601,"Congressional District 1 (113th Congress), New York",722480,4045,620494,7738,3550,1098,6084,1920,50616,3754,41736,5172
5001300US3602,3602,"Congressional District 2 (113th Congress), New York",718587,7837,585149,9604,6256,1387,3751,1154,55543,4810,67888,7135
5001300US3603,3603,"Congressional District 3 (113th Congress), New York",724490,12573,553895,9578,3338,1129,6861,1475,105297,7112,55099,6024
5001300US3604,3604,"Congressional District 4 (113th Congress), New York",715109,10181,551733,11673,3606,1216,4992,1337,88089,6388,66689,6902
5001300US3605,3605,"Congressional District 5 (113th Congress), New York",768603,19147,426557,12695,7123,1591,8018,1578,202042,8831,124863,8194
5001300US3606,3606,"Congressional District 6 (113th Congress), New York",721108,17181,335746,10969,6852,1523,5608,1219,225950,9668,146952,8672
5001300US3607,3607,"Congressional District 7 (113th Congress), New York",760308,19224,432349,14258,34952,3769,8745,1666,122640,7544,161622,11114
5001300US3608,3608,"Congressional District 8 (113th Congress), New York",737529,18439,469347,13370,15710,2800,8012,1566,155808,6596,88652,6946
5001300US3609,3609,"Congressional District 9 (113th Congress), New York",735408,17150,427884,13775,7132,1358,8525,1827,177361,7797,114506,7480
5001300US3610,3610,"Congressional District 10 (113th Congress), New York",716682,22149,472690,17472,5785,1897,11192,2772,113963,5966,113052,9311
5001300US3611,3611,"Congressional District 11 (113th Congress), New York",728307,11863,502615,9123,8984,1472,8313,1725,133602,7344,74793,5886
5001300US3612,3612,"Congressional District 12 (113th Congress), New York",720538,16855,512979,14205,9016,2015,11288,2726,92881,7704,94374,8572
5001300US3613,3613,"Congressional District 13 (113th Congress), New York",765391,20229,453475,17759,31668,4524,7303,1730,132532,8600,140413,11303
5001300US3614,3614,"Congressional District 14 (113th Congress), New York",727544,20809,356930,13273,19047,2561,10874,2251,149781,8369,190912,13140
5001300US3615,3615,"Congressional District 15 (113th Congress), New York",747271,18256,425936,13186,55028,4669,5875,1513,106456,6125,153976,11866
5001300US3616,3616,"Congressional District 16 (113th Congress), New York",730795,13964,495493,12245,14345,2679,8336,1655,119556,6784,93065,7448
5001300US3617,3617,"Congressional District 17 (113th Congress), New York",742344,4888,553900,7535,6053,1714,6970,1614,86956,5150,88465,5910
5001300US3618,3618,"Congressional District 18 (113th Congress), New York",718210,6115,617853,7953,8078,1254,6008,1188,47776,4176,38495,3847
5001300US3619,3619,"Congressional District 19 (113th Congress), New York",709970,5903,661579,6650,3266,809,3216,800,24917,2815,16992,2178
5001300US3620,3620,"Congressional District 20 (113th Congress), New York",724345,5717,653006,6879,6752,2014,4929,1225,32110,3252,27548,3777
5001300US3621,3621,"Congressional District 21 (113th Congress), New York",716340,4347,683863,4841,2346,658,5491,1180,12700,1636,11940,1821
5001300US3622,3622,"Congressional District 22 (113th Congress), New York",713145,4282,671499,5074,2541,816,3592,885,19078,2297,16435,2544
5001300US3623,3623,"Congressional District 23 (113th Congress), New York",716427,3282,682689,4003,4677,1049,3058,695,10762,1409,15241,2059
5001300US3624,3624,"Congressional District 24 (113th Congress), New York",715192,3941,667711,4966,4907,917,3809,1150,19542,2321,19223,2477
5001300US3625,3625,"Congressional District 25 (113th Congress), New York",724587,2608,648178,5678,14075,2064,4707,1362,33848,3236,23779,3095
5001300US3626,3626,"Congressional District 26 (113th Congress), New York",715554,4114,649037,5989,9297,1701,4037,946,24495,2844,28688,3482
5001300US3627,3627,"Congressional District 27 (113th Congress), New York",714863,5993,686021,6378,2003,794,3227,969,14946,2774,8666,1459
5001300US3701,3701,"Congressional District 1 (113th Congress), North Carolina",724668,14231,674889,14070,2081,952,4448,1525,7792,1587,35458,4631
5001300US3702,3702,"Congressional District 2 (113th Congress), North Carolina",777683,8509,695806,9151,4977,1990,9405,1655,24164,2551,43331,3878
5001300US3703,3703,"Congressional District 3 (113th Congress), North Carolina",749521,8361,707237,9574,2663,1326,7111,1382,11087,1761,21423,3279
5001300US3704,3704,"Congressional District 4 (113th Congress), North Carolina",769734,14238,657887,12143,4514,1234,9613,1647,33670,3797,64050,6215
5001300US3705,3705,"Congressional District 5 (113th Congress), North Carolina",745928,8988,695639,7948,1339,984,5169,1387,13090,2162,30691,3298
5001300US3706,3706,"Congressional District 6 (113th Congress), North Carolina",760762,11034,709696,9897,1266,784,4396,1160,15683,2378,29721,3704
5001300US3707,3707,"Congressional District 7 (113th Congress), North Carolina",762540,6771,705439,7196,2070,834,5077,1156,9780,2252,40174,3148
5001300US3708,3708,"Congressional District 8 (113th Congress), North Carolina",744074,10819,693743,10594,1330,667,4658,1422,14123,2569,30220,3272
5001300US3709,3709,"Congressional District 9 (113th Congress), North Carolina",780211,11251,689611,10553,2471,983,6722,1323,35793,3335,45614,6050
5001300US3710,3710,"Congressional District 10 (113th Congress), North Carolina",739282,6384,695809,6302,1351,791,2828,911,13051,1887,26243,4088
5001300US3711,3711,"Congressional District 11 (113th Congress), North Carolina",737318,5956,700085,6041,1388,794,3839,995,12005,2250,20001,2549
5001300US3712,3712,"Congressional District 12 (113th Congress), North Carolina",773617,16113,652917,14194,3741,2064,6260,1479,26654,3617,84045,7450
5001300US3713,3713,"Congressional District 13 (113th Congress), North Carolina",782722,14553,711123,12554,1482,789,8554,1848,22340,3326,39223,4831
5001300US3800,3800,"Congressional District (at Large) (113th Congress), North Dakota",723393,*****,695779,2852,207,181,6300,1638,6548,1418,14559,2288
5001300US3901,3901,"Congressional District 1 (113th Congress), Ohio",724914,8771,681094,9033,742,514,3037,955,17066,2444,22975,3923
5001300US3902,3902,"Congressional District 2 (113th Congress), Ohio",727391,9155,700971,9561,349,271,3344,1024,13141,2171,9586,1866
5001300US3903,3903,"Congressional District 3 (113th Congress), Ohio",739980,12617,655549,13054,1706,1025,6073,2084,29578,3879,47074,5894
5001300US3904,3904,"Congressional District 4 (113th Congress), Ohio",709122,5648,695274,5782,1235,646,2228,687,5424,1024,4961,997
5001300US3905,3905,"Congressional District 5 (113th Congress), Ohio",730642,6645,710586,7336,632,472,1986,775,8969,1780,8469,1805
5001300US3906,3906,"Congressional District 6 (113th Congress), Ohio",713464,6386,702302,6675,434,371,3262,1117,4446,1011,3020,1072
5001300US3907,3907,"Congressional District 7 (113th Congress), Ohio",719276,9606,703528,9790,422,297,1859,604,7967,1547,5500,1518
5001300US3908,3908,"Congressional District 8 (113th Congress), Ohio",721486,1716,691083,2958,540,383,3859,1050,12212,1908,13792,2073
5001300US3909,3909,"Congressional District 9 (113th Congress), Ohio",715447,10351,670140,11094,11539,2055,2875,724,16285,2299,14608,2977
5001300US3910,3910,"Congressional District 10 (113th Congress), Ohio",723987,1004,687273,3359,903,513,7823,1741,13594,1910,14394,2631
5001300US3911,3911,"Congressional District 11 (113th Congress), Ohio",692794,11297,647783,10716,7510,1407,2655,698,19436,2521,15410,2421
5001300US3912,3912,"Congressional District 12 (113th Congress), Ohio",744647,10619,700960,10356,863,433,3322,1037,19097,2288,20405,4287
5001300US3913,3913,"Congressional District 13 (113th Congress), Ohio",719201,10369,686123,9924,3479,1211,3260,687,9221,1687,17118,2716
5001300US3914,3914,"Congressional District 14 (113th Congress), Ohio",725681,9011,683966,9203,1149,925,2910,716,23944,2913,13712,2256
5001300US3915,3915,"Congressional District 15 (113th Congress), Ohio",742133,9720,710199,9141,325,284,4713,1160,9951,2010,16945,4055
5001300US3916,3916,"Congressional District 16 (113th Congress), Ohio",720643,9904,676351,10173,1409,578,3846,882,27073,3090,11964,2441
5001300US4001,4001,"Congressional District 1 (113th Congress), Oklahoma",773208,1988,710973,4012,1338,943,6231,1121,18620,1623,36046,2210
5001300US4002,4002,"Congressional District 2 (113th Congress), Oklahoma",747973,3018,729866,3342,418,228,3106,669,5217,881,9366,1084
5001300US4003,4003,"Congressional District 3 (113th Congress), Oklahoma",767552,3368,728502,4114,651,344,4698,1232,10767,1502,22934,2596
5001300US4004,4004,"Congressional District 4 (113th Congress), Oklahoma",776394,4384,729053,5371,1640,952,10721,1401,16378,2324,18602,2769
5001300US4005,4005,"Congressional District 5 (113th Congress), Oklahoma",785441,3021,698034,5141,996,510,5909,1423,25371,2685,55131,3797
5001300US4101,4101,"Congressional District 1 (113th Congress), Oregon",796901,4821,676404,6361,1219,604,8869,1803,47829,2868,62580,4537
5001300US4102,4102,"Congressional District 2 (113th Congress), Oregon",778062,3086,722441,5789,1326,1028,7164,1749,14733,2133,32398,3877
5001300US4103,4103,"Congressional District 3 (113th Congress), Oregon",797199,7321,677231,9923,1037,490,7141,1282,46566,4139,65224,6177
5001300US4104,4104,"Congressional District 4 (113th Congress), Oregon",772196,3102,724169,4302,600,359,7669,1603,14516,1948,25242,2602
5001300US4105,4105,"Congressional District 5 (113th Congress), Oregon",785707,6239,696516,7568,792,408,6281,1250,31771,2887,50347,4321
5001300US4201,4201,"Congressional District 1 (113th Congress), Pennsylvania",725059,17582,593584,17421,27141,4069,4839,1199,46043,3938,53452,6714
5001300US4202,4202,"Congressional District 2 (113th Congress), Pennsylvania",712372,12598,642215,13113,8211,2090,4321,1081,24756,2805,32869,4461
5001300US4203,4203,"Congressional District 3 (113th Congress), Pennsylvania",703010,4518,683386,5061,2865,979,2280,680,7020,1425,7459,1389
5001300US4204,4204,"Congressional District 4 (113th Congress), Pennsylvania",710120,4538,663161,6113,9065,2084,5182,993,16346,2022,16366,2651
5001300US4205,4205,"Congressional District 5 (113th Congress), Pennsylvania",701630,3939,679184,4426,916,420,2939,694,8599,1294,9992,1466
5001300US4206,4206,"Congressional District 6 (113th Congress), Pennsylvania",721522,10730,662527,11722,6826,1642,3648,1131,27093,2988,21428,2505
5001300US4207,4207,"Congressional District 7 (113th Congress), Pennsylvania",722495,12456,666390,11621,1401,611,3900,1366,29401,2905,21403,3851
5001300US4208,4208,"Congressional District 8 (113th Congress), Pennsylvania",708333,5099,640370,6512,2739,874,4692,1121,36968,3077,23564,3467
5001300US4209,4209,"Congressional District 9 (113th Congress), Pennsylvania",701622,4852,687935,5282,917,557,3426,962,4638,1074,4706,1472
5001300US4210,4210,"Congressional District 10 (113th Congress), Pennsylvania",707291,6640,678541,6227,2344,827,3203,689,13008,2566,10195,1994
5001300US4211,4211,"Congressional District 11 (113th Congress), Pennsylvania",705647,6577,666423,7625,4065,1399,3541,938,15758,2445,15860,2210
5001300US4212,4212,"Congressional District 12 (113th Congress), Pennsylvania",703938,10141,680485,9954,535,271,3003,741,12179,1592,7736,1466
5001300US4213,4213,"Congressional District 13 (113th Congress), Pennsylvania",710615,15489,575958,14946,12242,2691,5355,1548,61613,5753,55447,6841
5001300US4214,4214,"Congressional District 14 (113th Congress), Pennsylvania",704276,8366,661353,8809,608,432,4101,889,16038,2583,22176,2476
5001300US4215,4215,"Congressional District 15 (113th Congress), Pennsylvania",713008,8503,630190,8160,24463,4795,3560,878,32987,3947,21808,3342
5001300US4216,4216,"Congressional District 16 (113th Congress), Pennsylvania",712447,7396,627659,9388,26635,3023,5297,1419,22983,2766,29873,4174
5001300US4217,4217,"Congressional District 17 (113th Congress), Pennsylvania",699632,8349,649392,8851,8710,2121,2695,865,21786,3016,17049,2611
5001300US4218,4218,"Congressional District 18 (113th Congress), Pennsylvania",710784,9765,679497,9528,1101,536,2626,842,13308,2173,14252,2719
5001300US4401,4401,"Congressional District 1 (113th Congress), Rhode Island",528341,6303,426430,7437,8739,1949,5948,1468,42387,3919,44837,5284
5001300US4402,4402,"Congressional District 2 (113th Congress), Rhode Island",523170,6303,465014,6081,5685,1722,3723,1087,27322,3167,21426,3938
5001300US4501,4501,"Congressional District 1 (113th Congress), South Carolina",715200,7362,654718,8471,2550,943,10335,2282,21404,3046,26193,3742
5001300US4502,4502,"Congressional District 2 (113th Congress), South Carolina",671907,7850,630195,8606,1829,956,8569,2100,14957,2013,16357,2925
5001300US4503,4503,"Congressional District 3 (113th Congress), South Carolina",663437,5253,634921,5876,2390,1317,3801,1057,5346,1345,16979,2120
5001300US4504,4504,"Congressional District 4 (113th Congress), South Carolina",690796,6815,633181,7461,1568,708,4716,830,18219,2657,33112,3505
5001300US4505,4505,"Congressional District 5 (113th Congress), South Carolina",678788,6139,649409,6660,2425,931,3462,1028,10378,1722,13114,2752
5001300US4506,4506,"Congressional District 6 (113th Congress), South Carolina",678025,12286,648077,12847,915,532,5208,1083,7593,1720,16232,2712
5001300US4507,4507,"Congressional District 7 (113th Congress), South Carolina",676686,3009,641186,4128,788,457,3318,871,11764,2120,19630,2488
5001300US4600,4600,"Congressional District (at Large) (113th Congress), South Dakota",844877,*****,816396,3194,78,127,3944,972,8035,1593,16424,2611
5001300US4701,4701,"Congressional District 1 (113th Congress), Tennessee",709547,3038,689226,3540,570,444,2210,766,5219,1058,12322,1420
5001300US4702,4702,"Congressional District 2 (113th Congress), Tennessee",722761,2225,683411,4975,1097,695,5361,1485,13188,2933,19704,3154
5001300US4703,4703,"Congressional District 3 (113th Congress), Tennessee",721988,4589,695586,5366,1103,665,4603,1488,8682,1938,12014,1790
5001300US4704,4704,"Congressional District 4 (113th Congress), Tennessee",726649,5081,687094,6504,774,478,4243,1202,11816,2122,22722,2655
5001300US4705,4705,"Congressional District 5 (113th Congress), Tennessee",739937,1567,653117,5100,1314,605,6191,1438,29262,3790,50053,3822
5001300US4706,4706,"Congressional District 6 (113th Congress), Tennessee",724274,3546,694985,4797,451,334,3487,938,8921,1836,16430,2219
5001300US4707,4707,"Congressional District 7 (113th Congress), Tennessee",728823,3672,692928,4935,2013,821,7907,1788,14258,2197,11717,2097
5001300US4708,4708,"Congressional District 8 (113th Congress), Tennessee",710335,6373,679599,6468,970,646,5459,1391,11818,1880,12489,3205
5001300US4709,4709,"Congressional District 9 (113th Congress), Tennessee",711664,6089,661185,7614,818,485,5475,2018,11198,2477,32988,3710
5001300US4801,4801,"Congressional District 1 (113th Congress), Texas",712524,3973,652252,5544,401,299,2996,1055,16270,2148,40605,3841
5001300US4802,4802,"Congressional District 2 (113th Congress), Texas",722575,21776,556520,19579,2182,1304,7322,1656,58774,5840,97777,9439
5001300US4803,4803,"Congressional District 3 (113th Congress), Texas",765486,4975,612786,8003,1948,809,9533,2305,67588,4419,73631,6075
5001300US4804,4804,"Congressional District 4 (113th Congress), Texas",710641,5519,662062,6566,1582,930,5204,1283,14044,2524,27749,3378
5001300US4805,4805,"Congressional District 5 (113th Congress), Texas",726896,12870,617229,11951,1403,804,3989,1121,25979,3537,78296,6626
5001300US4806,4806,"Congressional District 6 (113th Congress), Texas",730955,14861,629741,14179,2729,1547,9252,2237,40219,4085,49014,5495
5001300US4807,4807,"Congressional District 7 (113th Congress), Texas",741599,18779,526314,15698,1645,884,11115,2178,80855,7366,121670,8234
5001300US4808,4808,"Congressional District 8 (113th Congress), Texas",761764,10942,655725,11906,1554,1073,8278,2877,26752,3497,69455,7279
5001300US4809,4809,"Congressional District 9 (113th Congress), Texas",736852,23156,496520,17971,2348,1005,6183,2422,81294,5889,150507,10208
5001300US4810,4810,"Congressional District 10 (113th Congress), Texas",758585,19537,630756,16728,2387,997,8128,1794,43497,5411,73817,8044
5001300US4811,4811,"Congressional District 11 (113th Congress), Texas",729613,5621,655987,6912,709,446,6141,1399,20689,2625,46087,4362
5001300US4812,4812,"Congressional District 12 (113th Congress), Texas",732246,17176,643685,15532,2972,2069,7276,2031,27750,3975,50563,5530
5001300US4813,4813,"Congressional District 13 (113th Congress), Texas",700874,4981,633950,6566,470,261,6084,1088,16428,2195,43942,4149
5001300US4814,4814,"Congressional District 14 (113th Congress), Texas",716592,5856,634287,7620,2880,1331,3893,1095,28739,2940,46793,4456
5001300US4815,4815,"Congressional District 15 (113th Congress), Texas",731065,10930,556392,10790,1757,1432,7681,1782,43390,3991,121845,8436
5001300US4816,4816,"Congressional District 16 (113th Congress), Texas",728654,7221,525425,9412,3541,1260,15140,2499,76499,4788,108049,6659
5001300US4817,4817,"Congressional District 17 (113th Congress), Texas",726128,9746,628077,9211,1944,1673,7649,1703,29204,3194,59254,6400
5001300US4818,4818,"Congressional District 18 (113th Congress), Texas",741385,21641,573396,18509,2008,935,5455,1476,43871,5053,116655,8286
5001300US4819,4819,"Congressional District 19 (113th Congress), Texas",719455,5612,661584,6596,380,284,5869,1297,17002,2569,34620,4158
5001300US4820,4820,"Congressional District 20 (113th Congress), Texas",752996,20253,621086,18803,3978,1728,8864,1559,42916,4082,76152,7941
5001300US4821,4821,"Congressional District 21 (113th Congress), Texas",743443,15132,659333,14042,3546,2423,12410,1956,27211,3399,40943,4788
5001300US4822,4822,"Congressional District 22 (113th Congress), Texas",783172,14010,587177,12481,2252,1144,10405,2617,98767,7184,84571,8001
5001300US4823,4823,"Congressional District 23 (113th Congress), Texas",723867,17533,584531,14636,2492,1234,10179,1908,45459,3320,81206,8173
5001300US4824,4824,"Congressional District 24 (113th Congress), Texas",741164,11107,562251,11004,3602,1505,7639,1940,63458,5292,104214,7754
5001300US4825,4825,"Congressional District 25 (113th Congress), Texas",731689,12605,658151,11350,4173,2572,8714,1811,26027,2937,34624,4130
5001300US4826,4826,"Congressional District 26 (113th Congress), Texas",768246,8918,665043,9448,2537,1249,9022,1785,36450,3654,55194,4789
5001300US4827,4827,"Congressional District 27 (113th Congress), Texas",714527,6320,652014,6715,2097,1243,6096,1418,19528,2675,34792,4208
5001300US4828,4828,"Congressional District 28 (113th Congress), Texas",724080,13066,552583,12672,2096,815,10184,1815,43104,3640,116113,7599
5001300US4829,4829,"Congressional District 29 (113th Congress), Texas",729827,26740,483315,22990,2160,1489,5690,1609,60631,5779,178031,9218
5001300US4830,4830,"Congressional District 30 (113th Congress), Texas",746336,15810,608034,12541,1799,1198,4804,1302,36255,4103,95444,8204
5001300US4831,4831,"Congressional District 31 (113th Congress), Texas",767721,6084,671494,7725,6360,1924,15323,2497,32330,3298,42214,5710
5001300US4832,4832,"Congressional District 32 (113th Congress), Texas",718713,12147,564544,11128,1295,715,7722,1838,52159,4618,92993,8475
5001300US4833,4833,"Congressional District 33 (113th Congress), Texas",725761,20078,483607,16134,1301,734,5679,1463,48168,4260,187006,10537
5001300US4834,4834,"Congressional District 34 (113th Congress), Texas",720005,11149,562525,12322,937,617,6824,1693,43308,3461,106411,8616
5001300US4835,4835,"Congressional District 35 (113th Congress), Texas",752749,20740,615190,17304,2172,780,11367,3089,32448,3140,91572,7556
5001300US4836,4836,"Congressional District 36 (113th Congress), Texas",710008,11745,633466,11421,1166,695,4977,1291,23995,3039,46404,5942
5001300US4901,4901,"Congressional District 1 (113th Congress), Utah",720959,4476,674156,5582,804,401,6558,1416,17090,2275,22351,2636
5001300US4902,4902,"Congressional District 2 (113th Congress), Utah",715552,8202,645725,9315,936,463,4168,1073,21588,3070,43135,5977
5001300US4903,4903,"Congressional District 3 (113th Congress), Utah",718575,6772,657655,7867,390,301,7576,1416,19424,2355,33530,3640
5001300US4904,4904,"Congressional District 4 (113th Congress), Utah",745786,9564,656841,11013,1486,1394,7623,1593,29943,3979,49893,6973
5001300US5000,5000,"Congressional District (at Large) (113th Congress), Vermont",626630,*****,594234,2480,277,180,5107,911,15904,1783,11108,2020
5001300US5101,5101,"Congressional District 1 (113th Congress), Virginia",763763,8256,677267,8567,3725,1326,13364,1939,36223,3960,33184,4789
5001300US5102,5102,"Congressional District 2 (113th Congress), Virginia",738759,9743,662472,9737,5453,1086,10300,1831,35280,2583,25254,3401
5001300US5103,5103,"Congressional District 3 (113th Congress), Virginia",742782,11315,691146,10779,2990,959,8410,1425,16572,2218,23664,3863
5001300US5104,5104,"Congressional District 4 (113th Congress), Virginia",739602,8505,692662,8844,3731,1327,8862,1563,19131,2567,15216,2825
5001300US5105,5105,"Congressional District 5 (113th Congress), Virginia",735799,6149,702124,6264,251,185,5998,1428,12282,1770,15144,1973
5001300US5106,5106,"Congressional District 6 (113th Congress), Virginia",735143,4944,691003,5255,911,547,6337,1260,13345,2350,23547,2628
5001300US5107,5107,"Congressional District 7 (113th Congress), Virginia",760928,10845,692681,10034,1673,722,8775,1607,30580,2993,27219,3407
5001300US5108,5108,"Congressional District 8 (113th Congress), Virginia",774396,11787,539728,9600,5168,1577,14550,2136,97878,6226,117072,8293
5001300US5109,5109,"Congressional District 9 (113th Congress), Virginia",721531,4062,698299,4249,731,642,2865,950,8725,1794,10911,2167
5001300US5110,5110,"Congressional District 10 (113th Congress), Virginia",781947,8179,612923,9133,2106,845,15719,2483,86609,5038,64590,5829
5001300US5111,5111,"Congressional District 11 (113th Congress), Virginia",765755,15410,509012,12949,4225,1376,15981,2221,120611,6490,115926,9472
5001300US5301,5301,"Congressional District 1 (113th Congress), Washington",709693,11096,583571,10875,1064,760,11162,2340,54588,4175,59308,5895
5001300US5302,5302,"Congressional District 2 (113th Congress), Washington",692085,8496,588534,10666,2694,1020,11132,2342,50496,4676,39229,4372
5001300US5303,5303,"Congressional District 3 (113th Congress), Washington",691968,3849,628265,6294,1440,735,6574,1392,25826,2343,29863,3518
5001300US5304,5304,"Congressional District 4 (113th Congress), Washington",698426,2122,575381,5431,530,361,4812,1138,30991,3496,86712,4659
5001300US5305,5305,"Congressional District 5 (113th Congress), Washington",681812,2548,633724,4848,796,471,7177,1554,15514,1894,24601,3340
5001300US5306,5306,"Congressional District 6 (113th Congress), Washington",682280,6819,622766,7963,4360,1414,9493,1459,26515,2946,19146,3061
5001300US5307,5307,"Congressional District 7 (113th Congress), Washington",706603,9014,581018,9521,1918,1075,12882,1530,54940,4978,55845,5594
5001300US5308,5308,"Congressional District 8 (113th Congress), Washington",701614,12512,604644,14589,947,582,7566,1389,44859,5061,43598,5980
5001300US5309,5309,"Congressional District 9 (113th Congress), Washington",705731,10521,484802,8644,2367,1027,10516,1611,96691,6425,111355,8163
5001300US5310,5310,"Congressional District 10 (113th Congress), Washington",701194,10652,608934,9592,5961,1651,12712,2295,36414,3312,37173,4759
5001300US5401,5401,"Congressional District 1 (113th Congress), West Virginia",617842,3927,605163,4002,643,452,2252,621,4403,1098,5381,1264
5001300US5402,5402,"Congressional District 2 (113th Congress), West Virginia",626979,3467,611811,4147,1042,666,2702,817,6533,1437,4891,1179
5001300US5403,5403,"Congressional District 3 (113th Congress), West Virginia",609483,1362,601267,2099,292,227,2811,906,2407,701,2706,1048
5001300US5501,5501,"Congressional District 1 (113th Congress), Wisconsin",709472,5926,663173,7209,817,514,4872,1593,20154,2510,20456,3120
5001300US5502,5502,"Congressional District 2 (113th Congress), Wisconsin",733541,2545,678497,3721,1056,582,3823,983,16513,2021,33652,3827
5001300US5503,5503,"Congressional District 3 (113th Congress), Wisconsin",711620,3472,694410,3675,123,118,2958,628,8181,1522,5948,1066
5001300US5504,5504,"Congressional District 4 (113th Congress), Wisconsin",715840,2478,633919,5748,11033,2256,4097,1041,26056,2956,40735,4292
5001300US5505,5505,"Congressional District 5 (113th Congress), Wisconsin",723153,4960,684048,5022,1322,854,3100,820,17211,1886,17472,2814
5001300US5506,5506,"Congressional District 6 (113th Congress), Wisconsin",713224,2649,685153,3635,693,467,2637,661,11581,1727,13160,2301
5001300US5507,5507,"Congressional District 7 (113th Congress), Wisconsin",715263,3467,695765,4084,278,195,2933,688,8926,1495,7361,1210
5001300US5508,5508,"Congressional District 8 (113th Congress), Wisconsin",720600,1398,688736,2742,1185,1224,3398,952,11098,1147,16183,2271
5001300US5600,5600,"Congressional District (at Large) (113th Congress), Wyoming",582658,*****,560963,2348,358,265,3308,912,7083,1291,10946,1829
