congress,chamber,icpsr,state_icpsr,district_code,state_abbrev,party_code,occupancy,last_means,bioname,bioguide_id,born,died,nominate_dim1,nominate_dim2,nominate_log_likelihood,nominate_geo_mean_probability,nominate_number_of_votes,nominate_number_of_errors,conditional,nokken_poole_dim1,nokken_poole_dim2
99,President,99907,99,0,USA,200,0,0,"REAGAN, Ronald Wilson",,1911,2004.0,0.692,-0.713,-89.07897,0.755,317,35,,,
99,House,10717,41,2,AL,200,0,1,"DICKINSON, William Louis",D000326,1925,2008.0,0.398,-0.057,-325.41201,0.637,721,138,,0.352,-0.15
99,House,11000,41,4,AL,100,0,1,"BEVILL, Tom",B000431,1921,2005.0,-0.213,0.976,-160.74609,0.798,713,69,,-0.205,0.979
99,House,11037,41,3,AL,100,0,1,"NICHOLS, William Flynt",N000095,1918,1988.0,-0.042,0.872,-176.64134,0.76,643,70,,-0.019,0.967
99,House,14419,41,5,AL,100,0,1,"FLIPPO, Ronnie Gene",F000208,1937,,-0.175,0.834,-158.38134,0.793,682,67,,-0.173,0.838
99,House,14659,41,7,AL,100,0,1,"SHELBY, Richard C.",S000320,1934,,0.013,0.658,-274.40557,0.683,719,128,,-0.038,0.513
99,House,15022,41,6,AL,100,0,1,"ERDREICH, Ben",E000201,1938,,-0.06,0.372,-225.3516,0.742,755,112,,-0.076,0.357
99,House,15090,41,1,AL,200,1,1,"CALLAHAN, Herbert Leon (Sonny)",C000052,1932,,0.373,0.202,-234.14722,0.734,757,108,,0.352,0.281
99,House,14066,81,1,AK,200,0,1,"YOUNG, Donald Edwin",Y000033,1933,,0.279,0.014,-418.83271,0.56208,727,202,,0.196,-0.298
99,House,10566,61,2,AZ,100,0,1,"UDALL, Morris King",U000001,1922,1998.0,-0.387,0.008,-120.62542,0.844,710,50,,-0.42,0.131
99,House,14449,61,4,AZ,200,0,1,"RUDD, Eldon Dean",R000495,1920,2002.0,0.422,0.611,-253.74837,0.668,628,120,,0.406,0.812
99,House,14454,61,3,AZ,200,0,1,"STUMP, Robert Lee",S001044,1927,2003.0,0.703,0.203,-180.22154,0.791,768,69,,0.643,0.304
99,House,15039,61,1,AZ,200,0,1,"McCAIN, John Sidney, III",M000303,1936,2018.0,0.381,-0.626,-341.75089,0.62736,733,142,,0.292,-0.173
99,House,15105,61,5,AZ,200,1,1,"KOLBE, James Thomas",K000306,1942,,0.351,-0.534,-238.74298,0.729,756,101,,0.38,-0.518
99,House,11020,42,3,AR,200,0,1,"HAMMERSCHMIDT, John Paul",H000124,1922,2015.0,0.253,0.239,-287.9687,0.684,758,132,,0.273,0.359
99,House,12000,42,1,AR,100,0,1,"ALEXANDER, William Vollie (Bill), Jr.",A000103,1934,,-0.41,0.819,-139.48744,0.822,713,58,,-0.462,0.707
99,House,14601,42,4,AR,100,0,1,"ANTHONY, Beryl Franklin, Jr.",A000213,1938,,-0.254,0.484,-193.80581,0.765,722,92,,-0.262,0.394
99,House,15122,42,2,AR,100,1,1,"ROBINSON, Tommy Franklin",R000354,1942,,-0.013,0.423,-312.083,0.657,744,152,,-0.021,0.458
99,House,10573,71,36,CA,100,0,1,"BROWN, George Edward, Jr.",B000918,1920,1999.0,-0.506,-0.028,-125.00464,0.831,677,50,,-0.521,0.053
99,House,10583,71,10,CA,100,0,1,"EDWARDS, William Donlon (Don)",E000064,1915,2015.0,-0.599,-0.419,-96.25627,0.882,768,36,,-0.613,-0.341
99,House,10595,71,29,CA,100,0,1,"HAWKINS, Augustus Freeman (Gus)",H000367,1907,2007.0,-0.517,-0.369,-177.80673,0.772,688,62,,-0.465,-0.617
99,House,10621,71,25,CA,100,0,1,"ROYBAL, Edward R.",R000485,1916,2005.0,-0.61,-0.141,-131.99221,0.833,721,55,,-0.668,0.089
99,House,12001,71,32,CA,100,0,1,"ANDERSON, Glenn Malcolm",A000189,1913,1994.0,-0.269,-0.052,-289.02489,0.682,756,124,,-0.251,-0.047
99,House,13011,71,8,CA,100,0,1,"DELLUMS, Ronald V.",D000222,1935,,-0.644,-0.646,-109.01739,0.862,736,40,,-0.653,-0.508
99,House,14040,71,22,CA,200,0,1,"MOORHEAD, Carlos John",M000926,1922,2011.0,0.465,-0.119,-191.67407,0.78,771,84,,0.519,-0.188
99,House,14053,71,9,CA,100,0,1,"STARK, Fortney Hillman (Pete), Jr.",S000810,1931,,-0.631,-0.605,-100.33882,0.865,693,42,,-0.566,-0.539
99,House,14071,71,19,CA,200,0,1,"LAGOMARSINO, Robert John",L000020,1926,,0.378,-0.267,-216.49816,0.755,772,83,,0.419,-0.373
99,House,14256,71,7,CA,100,0,1,"MILLER, George",M000725,1945,,-0.552,-0.398,-136.46575,0.821,693,63,,-0.453,-0.463
99,House,14257,71,13,CA,100,0,1,"MINETA, Norman Y.",M000794,1931,,-0.479,-0.01,-108.49225,0.866,754,45,,-0.511,0.04
99,House,14280,71,24,CA,100,0,1,"WAXMAN, Henry Arnold",W000215,1939,,-0.473,-0.343,-112.31085,0.853,708,48,,-0.472,-0.361
99,House,14403,71,40,CA,200,0,1,"BADHAM, Robert Edward",B000024,1929,2005.0,0.541,0.084,-188.82564,0.758,681,85,,0.545,-0.037
99,House,14405,71,23,CA,100,0,1,"BEILENSON, Anthony Charles",B000318,1932,,-0.44,-0.605,-163.15055,0.801,736,63,,-0.415,-0.446
99,House,14414,71,38,CA,200,1,1,"DORNAN, Robert Kenneth",D000435,1933,,0.49,-0.111,-255.50026,0.704,727,113,,0.493,-0.096
99,House,14444,71,16,CA,100,0,1,"PANETTA, Leon Edward",P000047,1938,,-0.258,-0.186,-178.42262,0.786,741,71,,-0.313,-0.205
99,House,14613,71,15,CA,100,0,1,"COELHO, Tony",C000581,1942,,-0.413,0.344,-91.69177,0.878,707,32,,-0.417,0.379
99,House,14616,71,39,CA,200,0,1,"DANNEMEYER, William Edwin",D000044,1929,,0.691,-0.24,-162.63872,0.807,758,68,,0.669,-0.326
99,House,14620,71,28,CA,100,0,1,"DIXON, Julian Carey",D000373,1934,2000.0,-0.458,-0.076,-102.89101,0.858,670,39,,-0.521,0.001
99,House,14624,71,4,CA,100,0,1,"FAZIO, Victor Herbert, Jr.",F000053,1942,,-0.455,0.36,-136.28086,0.835,756,57,,-0.472,0.493
99,House,14644,71,35,CA,200,0,1,"LEWIS, Charles Jeremy (Jerry)",L000274,1934,,0.348,-0.101,-326.64671,0.621,685,149,,0.36,-0.298
99,House,14647,71,42,CA,200,0,1,"LUNGREN, Daniel Edward",L000517,1946,,0.497,-0.054,-225.14708,0.744,761,100,,0.524,-0.207
99,House,14649,71,3,CA,100,0,1,"MATSUI, Robert T.",M000249,1941,2005.0,-0.404,-0.03,-112.88591,0.86,749,40,,-0.458,-0.05
99,House,14652,71,17,CA,200,0,1,"PASHAYAN, Charles, Jr.",P000097,1941,,0.282,-0.232,-311.41404,0.656,739,158,,0.259,-0.123
99,House,14660,71,14,CA,200,0,1,"SHUMWAY, Norman David",S000393,1934,,0.556,0.39,-235.23686,0.733,758,117,,0.553,0.455
99,House,14669,71,20,CA,200,0,1,"THOMAS, William Marshall",T000188,1941,,0.371,-0.277,-263.00376,0.694,719,115,,0.377,-0.354
99,House,14805,71,2,CA,200,0,1,"CHAPPIE, Eugene A.",C000322,1920,1992.0,0.414,-0.235,-193.89896,0.736,633,80,,0.459,-0.207
99,House,14813,71,33,CA,200,0,1,"DREIER, David Timothy",D000492,1952,,0.478,-0.084,-193.42826,0.776,762,86,,0.616,-0.284
99,House,14816,71,31,CA,100,0,1,"DYMALLY, Mervyn Malcolm",D000592,1926,2012.0,-0.685,-0.039,-120.28055,0.835,668,48,,-0.745,-0.04
99,House,14821,71,21,CA,200,0,1,"FIEDLER, Bobbi",F000102,1937,,0.343,-0.258,-195.05151,0.749,674,73,,0.432,-0.27
99,House,14835,71,45,CA,200,0,1,"HUNTER, Duncan Lee",H000981,1948,,0.47,0.02,-253.22396,0.704,722,117,,0.462,-0.078
99,House,14837,71,11,CA,100,0,1,"LANTOS, Thomas Peter",L000090,1928,2008.0,-0.376,-0.033,-118.78448,0.85,730,49,,-0.332,0.07
99,House,14839,71,41,CA,200,0,1,"LOWERY, William David",L000479,1947,,0.33,-0.254,-295.32526,0.664,721,150,,0.324,-0.269
99,House,14879,71,30,CA,100,0,1,"MARTÍNEZ, Matthew G.",M000206,1929,2011.0,-0.341,0.106,-120.20071,0.844,709,51,,-0.427,0.149
99,House,15004,71,44,CA,100,0,1,"BATES, Jim",B000236,1941,,-0.279,-0.682,-270.31685,0.698,753,115,,-0.254,-0.627
99,House,15005,71,26,CA,100,0,1,"BERMAN, Howard Lawrence",B000410,1941,,-0.404,-0.286,-110.6909,0.859,731,45,,-0.448,-0.409
99,House,15009,71,1,CA,100,0,1,"BOSCO, Douglas Harry",B000648,1946,,-0.271,-0.024,-180.97246,0.762,666,85,,-0.292,-0.025
99,House,15011,71,6,CA,100,0,1,"BOXER, Barbara",B000711,1940,,-0.45,-0.423,-107.77118,0.857,701,44,,-0.534,-0.244
99,House,15032,71,18,CA,100,0,1,"LEHMAN, Richard Henry",L000225,1948,,-0.27,-0.036,-121.45018,0.839,691,44,,-0.396,0.124
99,House,15034,71,27,CA,100,0,1,"LEVINE, Meldon Edises",L000264,1943,,-0.436,-0.24,-111.95894,0.861,748,48,,-0.443,-0.277
99,House,15040,71,37,CA,200,0,1,"McCANDLESS, Alfred A.",M000306,1927,,0.474,-0.225,-216.95777,0.746,741,93,,0.524,-0.23
99,House,15051,71,43,CA,200,0,1,"PACKARD, Ronald C.",P000005,1931,,0.419,0.152,-255.6555,0.712,752,129,,0.412,0.065
99,House,15070,71,34,CA,100,0,1,"TORRES, Esteban Edward",T000316,1930,,-0.487,0.012,-104.08841,0.872,759,40,,-0.48,-0.008
99,House,15078,71,12,CA,200,0,1,"ZSCHAU, Edwin Van Wyck",Z000014,1940,,0.345,-0.745,-248.71458,0.692,675,113,,0.374,-0.856
99,House,15080,71,5,CA,100,0,1,"BURTON, Sala Galante",B001158,1925,1987.0,-0.585,-0.137,-64.82389,0.899,606,27,,-0.571,-0.137
99,House,14051,62,1,CO,100,0,1,"SCHROEDER, Patricia Scott",S000142,1940,,-0.225,-0.974,-384.2932,0.602,758,197,,-0.14,-0.99
99,House,14282,62,2,CO,100,0,1,"WIRTH, Timothy E.",W000647,1939,,-0.293,-0.315,-227.0413,0.726,709,94,,-0.203,-0.331
99,House,14639,62,5,CO,200,0,1,"KRAMER, Kenneth Bentley",K000322,1942,,0.43,-0.084,-250.9742,0.706,721,94,,0.419,-0.389
99,House,14803,62,4,CO,200,0,1,"BROWN, George Hanks (Hank)",B000919,1940,,0.511,-0.762,-266.49498,0.707,770,117,,0.564,-0.826
99,House,15058,62,6,CO,200,0,1,"SCHAEFER, Daniel",S000109,1936,2006.0,0.479,-0.123,-255.90884,0.71,746,108,,0.478,-0.195
99,House,15118,62,3,CO,200,1,1,"STRANG, Michael Lathrop",S000991,1929,2014.0,0.465,-0.174,-245.93873,0.723,759,105,,0.463,-0.173
99,House,13029,1,4,CT,200,0,1,"McKINNEY, Stewart Brett",M000527,1931,1987.0,-0.006,-0.609,-273.268,0.667,675,112,,-0.056,-0.64
99,House,14825,1,2,CT,100,0,1,"GEJDENSON, Samuel",G000120,1948,,-0.416,-0.486,-119.39081,0.854,757,50,,-0.375,-0.288
99,House,14877,1,1,CT,100,0,1,"KENNELLY, Barbara Bailey",K000118,1936,,-0.346,-0.13,-115.55577,0.857,747,46,,-0.312,-0.232
99,House,15028,1,6,CT,200,0,1,"JOHNSON, Nancy Lee",J000163,1935,,0.122,-0.513,-384.29541,0.602,756,222,,0.058,-0.231
99,House,15045,1,3,CT,100,0,1,"MORRISON, Bruce Andrew",M000992,1944,,-0.396,-0.59,-124.20728,0.841,717,51,,-0.44,-0.614
99,House,15123,1,5,CT,200,1,1,"ROWLAND, John",R000482,1957,,0.169,-0.399,-309.42932,0.669,770,152,,0.204,-0.342
99,House,15015,11,1,DE,100,0,1,"CARPER, Thomas Richard",C000174,1947,,-0.174,-0.218,-300.57076,0.67579,767,136,,-0.112,-0.211
99,House,633,43,3,FL,100,0,1,"BENNETT, Charles Edward",B000371,1910,2003.0,-0.088,0.421,-325.24064,0.658,777,153,,-0.166,0.207
99,House,3078,43,19,FL,100,0,1,"FASCELL, Dante Bruno",F000041,1917,1998.0,-0.4,0.229,-165.8001,0.799,739,61,,-0.369,0.399
99,House,7333,43,18,FL,100,0,1,"PEPPER, Claude Denson",P000218,1900,1989.0,-0.422,0.357,-157.05344,0.814,763,64,,-0.416,0.65
99,House,10587,43,2,FL,100,0,1,"FUQUA, Don",F000430,1933,,-0.173,0.715,-130.98022,0.821,665,53,,-0.205,0.73
99,House,10588,43,7,FL,100,0,1,"GIBBONS, Sam Melville",G000153,1920,2012.0,-0.233,0.17,-312.99063,0.645,714,136,,-0.134,0.025
99,House,12007,43,4,FL,100,0,1,"CHAPPELL, William Venroe, Jr.",C000321,1922,1989.0,-0.098,0.916,-185.35459,0.769,706,84,,-0.178,0.962
99,House,13047,43,8,FL,200,0,1,"YOUNG, Charles William (Bill)",Y000031,1930,2013.0,0.325,-0.112,-280.61885,0.68,728,127,,0.32,-0.285
99,House,14029,43,17,FL,100,0,1,"LEHMAN, William",L000226,1913,2005.0,-0.483,-0.001,-112.41207,0.86,747,46,,-0.554,0.094
99,House,14428,43,10,FL,200,0,1,"IRELAND, Andrew Poysell (Andy)",I000029,1930,,0.42,-0.312,-191.32767,0.77,733,85,,0.427,-0.309
99,House,14636,43,1,FL,100,0,1,"HUTTO, Earl Dewitt",H001018,1926,,-0.007,0.732,-227.93789,0.737,748,105,,0.038,0.824
99,House,14648,43,14,FL,100,0,1,"MICA, Daniel Andrew",M000688,1944,,-0.184,0.363,-194.88368,0.769,743,82,,-0.235,0.464
99,House,14651,43,11,FL,100,0,1,"NELSON, Clarence William (Bill)",N000032,1942,,-0.193,0.339,-359.24135,0.62981,777,156,,-0.047,0.379
99,House,14842,43,5,FL,200,0,1,"McCOLLUM, Ira William, Jr. (Bill)",M000350,1944,,0.377,-0.101,-282.24683,0.688,754,139,,0.389,-0.026
99,House,14860,43,15,FL,200,0,1,"SHAW, Eugene Clay, Jr.",S000303,1939,2013.0,0.3,-0.142,-232.16068,0.735,755,89,,0.387,-0.324
99,House,15006,43,9,FL,200,0,1,"BILIRAKIS, Michael",B000463,1930,,0.382,-0.219,-244.8016,0.721,748,110,,0.407,-0.347
99,House,15035,43,12,FL,200,0,1,"LEWIS, Thomas F.",L000295,1924,2003.0,0.387,-0.324,-239.41184,0.733,772,102,,0.351,-0.323
99,House,15037,43,13,FL,200,0,1,"MACK, Connie, III",M000019,1940,,0.466,-0.321,-196.43921,0.773,764,83,,0.579,-0.416
99,House,15038,43,6,FL,100,0,1,"MacKAY, Kenneth Hood, Jr. (Buddy)",M000023,1933,,-0.13,-0.117,-270.96627,0.69,729,112,,-0.139,-0.114
99,House,15062,43,16,FL,100,0,1,"SMITH, Lawrence Jack",S000586,1941,,-0.355,0.075,-168.52433,0.798,745,62,,-0.257,0.028
99,House,14404,44,10,GA,100,0,1,"BARNARD, Druie Douglas, Jr.",B000153,1922,,-0.028,0.639,-225.5018,0.721,688,107,,-0.006,0.796
99,House,14429,44,9,GA,100,0,1,"JENKINS, Edgar Lanier (Ed)",J000083,1933,2012.0,-0.116,0.678,-226.90371,0.735,736,102,,-0.096,0.549
99,House,14467,44,5,GA,100,0,1,"FOWLER, Wyche, Jr.",F000329,1940,,-0.237,0.196,-122.06831,0.773,475,55,,-0.189,0.169
99,House,14627,44,6,GA,200,0,1,"GINGRICH, Newton Leroy",G000225,1943,,0.377,-0.257,-201.10693,0.757,724,80,,0.416,-0.39
99,House,14831,44,2,GA,100,0,1,"HATCHER, Charles Floyd",H000340,1939,,-0.202,0.722,-153.792,0.797,677,61,,-0.213,0.746
99,House,15053,44,3,GA,100,0,1,"RAY, Richard Belmont",R000080,1927,1999.0,0.035,0.56,-322.97501,0.655,764,147,,0.072,0.558
99,House,15057,44,8,GA,100,0,1,"ROWLAND, James Roy, Jr.",R000481,1926,,-0.127,0.616,-174.71454,0.798,776,78,,-0.14,0.722
99,House,15069,44,1,GA,100,0,1,"THOMAS, Robert Lindsay",T000184,1943,,-0.14,0.673,-181.70042,0.791,776,82,,-0.134,0.78
99,House,15081,44,7,GA,100,0,1,"DARDEN, George (Buddy)",D000051,1943,,-0.161,0.691,-230.73255,0.74,768,115,,-0.051,0.74
99,House,15120,44,4,GA,200,1,1,"SWINDALL, Patrick Lynn",S001122,1950,,0.513,-0.289,-167.76835,0.804,769,64,,0.508,-0.219
99,House,14400,82,2,HI,100,0,1,"AKAKA, Daniel Kahikina",A000069,1924,,-0.419,0.273,-146.77979,0.817,728,66,,-0.499,0.486
99,House,14425,82,1,HI,100,0,1,"HEFTEL, Cecil Landau",H000449,1924,2010.0,-0.269,0.243,-143.02928,0.695,393,57,,-0.146,0.005
99,House,15245,82,1,HI,100,2,2,"ABERCROMBIE, Neil",A000014,1938,,-0.432,-0.026,-13.62704,0.836,76,5,,-0.482,0.055
99,House,14809,63,1,ID,200,0,1,"CRAIG, Larry Edwin",C000858,1945,,0.494,-0.014,-207.20239,0.759,750,85,,0.501,0.01
99,House,15117,63,2,ID,100,1,1,"STALLINGS, Richard Howard",S000785,1940,,-0.084,0.224,-293.91699,0.672,739,152,,-0.058,0.049
99,House,6455,21,18,IL,200,0,1,"MICHEL, Robert Henry",M000692,1923,,0.372,-0.157,-295.89813,0.666,727,150,,0.374,-0.03
99,House,7610,21,21,IL,100,0,1,"PRICE, Charles Melvin",P000522,1905,1988.0,-0.429,0.346,-146.04758,0.81,695,62,,-0.365,0.516
99,House,8080,21,8,IL,100,0,1,"ROSTENKOWSKI, Daniel David",R000458,1928,2010.0,-0.39,0.246,-114.50196,0.845,680,55,,-0.358,0.138
99,House,10421,21,9,IL,100,0,1,"YATES, Sidney Richard",Y000013,1909,2000.0,-0.494,-0.494,-139.93302,0.825,727,51,,-0.513,-0.561
99,House,10703,21,11,IL,100,0,1,"ANNUNZIO, Frank",A000212,1915,2001.0,-0.398,0.351,-127.01778,0.844,750,54,,-0.316,0.115
99,House,12041,21,12,IL,200,0,1,"CRANE, Philip Miller",C000873,1930,2014.0,0.739,0.023,-171.22213,0.782,695,59,,0.794,-0.282
99,House,14033,21,15,IL,200,0,1,"MADIGAN, Edward Rell",M000041,1936,1994.0,0.247,-0.396,-277.81774,0.675,708,128,,0.287,-0.359
99,House,14041,21,4,IL,200,0,1,"O'BRIEN, George Miller",O000010,1917,1986.0,0.169,-0.132,-193.48227,0.584,360,108,,0.124,0.038
99,House,14068,21,7,IL,100,0,1,"COLLINS, Cardiss",C000634,1931,2013.0,-0.552,-0.218,-75.18238,0.897,689,23,,-0.551,-0.278
99,House,14239,21,6,IL,200,0,1,"HYDE, Henry John",H001022,1924,2007.0,0.312,-0.18,-314.06733,0.652,733,162,,0.35,0.078
99,House,14271,21,3,IL,100,0,1,"RUSSO, Martin Anthony",R000543,1944,,-0.192,-0.209,-243.58697,0.716,729,110,,-0.243,-0.239
99,House,14677,21,10,IL,200,0,1,"PORTER, John Edward",P000444,1935,,0.217,-0.604,-404.5339,0.584,752,199,,0.259,-0.406
99,House,14841,21,16,IL,200,0,1,"MARTIN, Lynn Morley",M000195,1939,,0.345,-0.67,-266.4509,0.702,752,129,,0.386,-0.626
99,House,14856,21,2,IL,100,0,1,"SAVAGE, Gus",S000081,1925,2015.0,-0.671,-0.39,-102.1486,0.86,679,40,,-0.676,-0.329
99,House,15021,21,20,IL,100,0,1,"DURBIN, Richard Joseph",D000563,1944,,-0.363,-0.364,-307.1561,0.67036,768,109,,-0.22,-0.618
99,House,15023,21,17,IL,100,0,1,"EVANS, Lane Allen",E000250,1951,2014.0,-0.454,-0.181,-104.76425,0.872,763,47,,-0.473,-0.3
99,House,15036,21,5,IL,100,0,1,"LIPINSKI, William Oliver",L000342,1937,,-0.176,0.3,-208.53732,0.746,712,98,,-0.232,0.454
99,House,15079,21,1,IL,100,0,1,"HAYES, Charles Arthur",H000388,1918,1997.0,-0.656,-0.395,-112.23986,0.86,742,45,,-0.673,-0.322
99,House,15088,21,19,IL,100,1,1,"BRUCE, Terry Lee",B000971,1944,,-0.268,-0.032,-211.50737,0.761,776,86,,-0.242,-0.189
99,House,15098,21,13,IL,200,1,1,"FAWELL, Harris W.",F000049,1929,,0.332,-0.616,-312.59353,0.666,770,146,,0.385,-0.779
99,House,15101,21,22,IL,100,1,1,"GRAY, Kenneth James",G000400,1924,2014.0,-0.438,0.615,-148.43663,0.809,700,66,,-0.346,0.44
99,House,15102,21,14,IL,200,1,1,"GROTBERG, John",G000499,1925,1986.0,0.416,-0.225,-111.75395,0.75,389,44,,0.415,-0.242
99,House,10732,22,9,IN,100,0,1,"HAMILTON, Lee Herbert",H000114,1931,,-0.171,-0.053,-229.9428,0.743,775,110,,-0.16,-0.136
99,House,10742,22,10,IN,100,0,1,"JACOBS, Andrew, Jr.",J000033,1932,2013.0,-0.07,-0.846,-398.43213,0.591,758,197,,-0.057,-0.998
99,House,11036,22,7,IN,200,0,1,"MYERS, John Thomas",M001130,1927,2015.0,0.236,0.254,-359.76189,0.623,759,171,,0.187,0.379
99,House,13018,22,5,IN,200,0,1,"HILLIS, Elwood Haynes",H000624,1926,,0.173,-0.106,-250.68302,0.645,572,112,,0.233,0.196
99,House,14274,22,2,IN,100,0,1,"SHARP, Philip Riley",S000294,1942,,-0.166,-0.283,-231.19666,0.735,750,107,,-0.145,-0.3
99,House,14806,22,4,IN,200,0,1,"COATS, Daniel Ray",C000542,1943,,0.375,-0.227,-270.6393,0.702,766,130,,0.324,-0.233
99,House,14834,22,3,IN,200,0,1,"HILER, John Patrick",H000586,1953,,0.413,-0.35,-199.17678,0.772,769,81,,0.428,-0.293
99,House,15014,22,6,IN,200,0,1,"BURTON, Danny Lee",B001149,1938,,0.585,-0.026,-172.58031,0.796,755,72,,0.552,-0.105
99,House,15041,22,8,IN,100,1,1,"McCLOSKEY, Francis Xavier",M000342,1939,2003.0,-0.336,0.094,-168.27945,0.785,695,81,,-0.249,0.044
99,House,15124,22,1,IN,100,1,1,"VISCLOSKY, Peter",V000108,1949,,-0.402,0.246,-182.18443,0.79075,776,80,,-0.335,-0.127
99,House,8672,31,4,IA,100,0,1,"SMITH, Neal Edward",S000596,1920,,-0.313,0.174,-243.45155,0.719,737,97,,-0.256,0.101
99,House,14205,31,6,IA,100,0,1,"BEDELL, Berkley Warren",B000298,1921,,-0.24,-0.595,-231.09814,0.727,726,95,,-0.317,-0.571
99,House,14432,31,1,IA,200,0,1,"LEACH, James Albert Smith",L000169,1942,,0.141,-0.79,-335.6534,0.638,747,153,,0.122,-0.993
99,House,14668,31,2,IA,200,0,1,"TAUKE, Thomas Joseph",T000053,1950,,0.27,-0.775,-323.55389,0.652,756,161,,0.288,-0.884
99,House,14820,31,3,IA,200,0,1,"EVANS, Thomas Cooper",E000259,1924,2005.0,0.247,-0.969,-326.46474,0.629,703,167,,0.301,-0.892
99,House,15106,31,5,IA,200,1,1,"LIGHTFOOT, James Ross",L000305,1938,,0.391,-0.211,-315.43683,0.666,776,127,,0.344,-0.501
99,House,14422,32,4,KS,100,0,1,"GLICKMAN, Daniel Robert",G000240,1944,,-0.133,-0.149,-280.5116,0.693,764,125,,-0.126,-0.132
99,House,14670,32,5,KS,200,0,1,"WHITTAKER, Robert Russell",W000426,1939,,0.346,-0.318,-265.11522,0.701,745,116,,0.347,-0.412
99,House,14852,32,1,KS,200,0,1,"ROBERTS, Charles Patrick (Pat)",R000307,1936,,0.414,-0.094,-288.41251,0.68111,751,114,,0.414,-0.393
99,House,15061,32,2,KS,100,0,1,"SLATTERY, James Charles",S000477,1948,,-0.099,-0.04,-312.4771,0.665,766,142,,-0.073,-0.075
99,House,15109,32,3,KS,200,1,1,"MEYERS, Jan",M000684,1928,,0.208,-0.541,-324.19931,0.653,760,158,,0.228,-0.555
99,House,6845,51,2,KY,100,0,1,"NATCHER, William Huston",N000009,1909,1994.0,-0.288,0.575,-148.02441,0.827,777,61,,-0.313,0.564
99,House,10626,51,4,KY,200,0,1,"SNYDER, Marion Gene",S000669,1928,2007.0,0.26,0.298,-247.92975,0.702,700,124,,0.248,0.524
99,House,13024,51,3,KY,100,0,1,"MAZZOLI, Romano Louis",M000291,1932,,-0.186,-0.016,-303.17582,0.675,771,129,,-0.096,0.04
99,House,14237,51,1,KY,100,0,1,"HUBBARD, Carroll, Jr.",H000878,1937,,-0.038,0.476,-391.05343,0.59,742,191,,0.076,0.459
99,House,14635,51,6,KY,200,0,1,"HOPKINS, Larry Jones",H000776,1933,,0.347,-0.242,-322.41529,0.655,763,154,,0.286,-0.059
99,House,14854,51,5,KY,200,0,1,"ROGERS, Harold Dallas (Hal)",R000395,1937,,0.333,0.092,-303.91823,0.67284,767,169,,0.293,-0.069
99,House,15228,51,7,KY,100,1,1,"PERKINS, Carl Christopher",P000229,1954,,-0.56,0.793,-180.17755,0.793,776,79,,-0.584,0.762
99,House,10602,45,8,LA,100,1,1,"LONG, Gillis William",L000417,1923,1985.0,-0.368,0.604,,,,,,-0.723,0.691
99,House,13056,45,7,LA,100,0,1,"BREAUX, John Berlinger",B000780,1944,,-0.123,0.702,-162.81087,0.715,485,72,,-0.019,0.476
99,House,14067,45,2,LA,100,0,1,"BOGGS, Corinne Claiborne (Lindy)",B000592,1916,2013.0,-0.359,0.501,-150.78265,0.813,727,67,,-0.417,0.62
99,House,14259,45,6,LA,200,0,1,"MOORE, William Henson, III",M000923,1939,,0.24,0.144,-167.17141,0.727,525,75,,0.231,0.387
99,House,14427,45,5,LA,100,0,1,"HUCKABY, Thomas Jerald",H000901,1941,,-0.009,0.507,-277.4577,0.665,679,127,,0.004,0.27
99,House,14469,45,1,LA,200,0,1,"LIVINGSTON, Robert Linlithgow, Jr.",L000371,1943,,0.326,0.109,-288.42163,0.675,735,146,,0.342,0.078
99,House,14679,45,3,LA,100,0,1,"TAUZIN, Wilbert Joseph (Billy)",T000058,1943,,0.03,0.568,-260.76127,0.708,754,125,,0.023,0.42
99,House,14853,45,4,LA,100,0,1,"ROEMER, Charles Elson (Buddy), III",R000384,1943,,0.178,-0.415,-461.63016,0.542,753,194,,0.134,-0.27
99,House,15128,45,8,LA,100,2,2,"LONG, Catherine Small",L000411,1924,,-0.347,0.341,-139.07801,0.805,640,60,,-0.34,0.316
99,House,14661,2,2,ME,200,0,1,"SNOWE, Olympia Jean",S000663,1947,,0.091,-0.548,-295.15361,0.683,773,118,,0.102,-0.63
99,House,15042,2,1,ME,200,0,1,"McKERNAN, John Rettie, Jr.",M000512,1948,,0.137,-0.708,-279.38707,0.691,755,112,,0.175,-0.752
99,House,13031,52,7,MD,100,0,1,"MITCHELL, Parren James",M000826,1922,2007.0,-0.526,-0.851,-212.9805,0.721,651,87,,-0.995,-0.096
99,House,14021,52,4,MD,200,0,1,"HOLT, Marjorie Sewell",H000747,1920,,0.368,0.061,-330.26899,0.604,654,162,,0.292,0.083
99,House,14440,52,3,MD,100,0,1,"MIKULSKI, Barbara Ann",M000702,1936,,-0.37,-0.128,-117.26667,0.843,689,50,,-0.363,-0.09
99,House,14604,52,8,MD,100,0,1,"BARNES, Michael Darr",B000160,1943,,-0.343,-0.513,-121.24222,0.84,694,46,,-0.425,-0.305
99,House,14608,52,6,MD,100,0,1,"BYRON, Beverly Barton Butcher",B001220,1932,,-0.024,0.516,-239.83384,0.718,724,116,,-0.033,0.624
99,House,14817,52,1,MD,100,0,1,"DYSON, Royden Patrick",D000593,1948,,-0.104,0.471,-314.12696,0.659,752,139,,-0.017,0.349
99,House,14873,52,5,MD,100,0,1,"HOYER, Steny Hamilton",H000874,1939,,-0.38,0.116,-147.01738,0.82495,764,61,,-0.54,0.449
99,House,15086,52,2,MD,200,0,1,"BENTLEY, Helen Delich",B000392,1923,2016.0,0.276,-0.362,-313.96248,0.648,724,151,,0.253,-0.27
99,House,830,3,2,MA,100,0,1,"BOLAND, Edward Patrick",B000600,1911,2001.0,-0.306,-0.104,-118.73892,0.839,675,51,,-0.37,0.08
99,House,2009,3,1,MA,200,0,1,"CONTE, Silvio Ottavio",C000709,1921,1991.0,-0.023,-0.683,-295.5031,0.68,765,146,,-0.048,-0.999
99,House,7081,3,8,MA,100,0,1,"O'NEILL, Thomas Philip, Jr. (Tip)",O000098,1912,1994.0,-0.402,0.058,,,,,,-0.538,0.212
99,House,14039,3,9,MA,100,0,1,"MOAKLEY, John Joseph",M000834,1927,2001.0,-0.418,-0.054,-104.22152,0.862,703,44,,-0.382,-0.106
99,House,14055,3,10,MA,100,0,1,"STUDDS, Gerry Eastman",S001040,1937,2006.0,-0.444,-0.593,-95.84536,0.879,744,35,,-0.508,-0.598
99,House,14216,3,3,MA,100,0,1,"EARLY, Joseph Daniel",E000013,1933,2012.0,-0.254,-0.409,-187.87805,0.759,680,73,,-0.362,-0.267
99,House,14435,3,7,MA,100,0,1,"MARKEY, Edward John",M000133,1946,,-0.504,-0.435,-111.77986,0.85583,718,40,,-0.512,-0.698
99,House,14621,3,11,MA,100,0,1,"DONNELLY, Brian Joseph",D000416,1946,,-0.291,-0.046,-164.69032,0.799,732,61,,-0.383,0.191
99,House,14650,3,6,MA,100,0,1,"MAVROULES, Nicholas James",M000264,1929,2003.0,-0.342,-0.023,-127.86653,0.838,722,57,,-0.369,0.016
99,House,14824,3,4,MA,100,0,1,"FRANK, Barney",F000339,1940,,-0.499,-0.534,-145.04438,0.825,752,58,,-0.501,-0.631
99,House,15084,3,5,MA,100,1,1,"ATKINS, Chester Greenough",A000226,1948,,-0.407,-0.388,-137.56206,0.825,714,61,,-0.392,-0.294
99,House,1087,23,18,MI,200,0,1,"BROOMFIELD, William S.",B000890,1922,,0.227,-0.309,-358.57129,0.608,721,190,,0.247,0.039
99,House,2605,23,16,MI,100,0,1,"DINGELL, John David, Jr.",D000355,1926,,-0.448,0.313,-137.35694,0.814,669,59,,-0.451,0.454
99,House,10713,23,1,MI,100,0,1,"CONYERS, John, Jr.",C000714,1929,,-0.658,-0.512,-171.07269,0.75264,602,57,,-0.728,-0.686
99,House,10727,23,15,MI,100,0,1,"FORD, William David",F000270,1927,2004.0,-0.516,0.098,-126.33514,0.827,664,52,,-0.49,0.102
99,House,10794,23,9,MI,200,0,1,"VANDER JAGT, Guy Adrian",V000027,1931,2007.0,0.247,-0.226,-265.22161,0.686,703,121,,0.314,-0.203
99,House,14075,23,8,MI,100,0,1,"TRAXLER, Jerome Bob",T000356,1931,,-0.33,0.126,-152.98119,0.801,689,60,,-0.358,0.233
99,House,14210,23,6,MI,100,0,1,"CARR, Milton Robert (Bob)",C000178,1943,,-0.254,-0.342,-313.56826,0.655,742,137,,-0.17,0.016
99,House,14407,23,12,MI,100,0,1,"BONIOR, David Edward",B000619,1945,,-0.547,-0.006,-101.78534,0.867,712,36,,-0.55,-0.015
99,House,14430,23,7,MI,100,0,1,"KILDEE, Dale Edward",K000172,1929,,-0.385,0.011,-129.36209,0.846,774,54,,-0.494,-0.224
99,House,14446,23,2,MI,200,0,1,"PURSELL, Carl Duane",P000574,1932,2009.0,0.12,-0.557,-310.54665,0.652,727,175,,0.123,-0.377
99,House,14618,23,11,MI,200,0,1,"DAVIS, Robert William",D000131,1932,2009.0,0.098,-0.146,-294.98801,0.655,696,128,,0.106,-0.197
99,House,14673,23,3,MI,100,0,1,"WOLPE, Howard Eliot, III",W000682,1939,2011.0,-0.374,-0.466,-139.45891,0.832,758,55,,-0.352,-0.477
99,House,14681,23,13,MI,100,0,1,"CROCKETT, George William, Jr.",C000919,1909,1997.0,-0.651,-0.414,-144.4009,0.803,658,50,,-0.601,-0.632
99,House,14833,23,14,MI,100,0,1,"HERTEL, Dennis Mark",H000547,1948,,-0.345,-0.223,-257.2528,0.715,768,99,,-0.272,-0.407
99,House,14872,23,4,MI,200,0,1,"SILJANDER, Mark Deli",S000409,1951,,0.406,-0.102,-211.03134,0.742,707,84,,0.424,-0.082
99,House,15033,23,17,MI,100,0,1,"LEVIN, Sander Martin",L000263,1931,,-0.378,-0.091,-105.54906,0.87159,768,39,,-0.399,-0.118
99,House,15103,23,5,MI,200,0,1,"HENRY, Paul B.",H000514,1942,1993.0,0.264,-0.773,-322.86486,0.656,766,167,,0.221,-0.691
99,House,15114,23,10,MI,200,1,1,"SCHUETTE, Bill",S000143,1953,,0.28,-0.467,-261.10621,0.708,757,117,,0.306,-0.283
99,House,13015,33,3,MN,200,0,1,"FRENZEL, William Eldridge",F000380,1928,2014.0,0.353,-0.815,-379.66061,0.596,734,175,,0.353,-0.675
99,House,14265,33,8,MN,100,0,1,"OBERSTAR, James Louis",O000006,1934,2014.0,-0.553,0.304,-133.58189,0.836,748,60,,-0.532,0.113
99,House,14458,33,4,MN,100,0,1,"VENTO, Bruce Frank",V000087,1940,2000.0,-0.472,-0.376,-131.13815,0.842,763,54,,-0.413,-0.418
99,House,14466,33,7,MN,200,0,1,"STANGELAND, Arlan Ingehart",S000795,1930,2013.0,0.346,-0.18,-298.65943,0.664,730,133,,0.31,-0.238
99,House,14656,33,5,MN,100,0,1,"SABO, Martin Olav",S000005,1938,2016.0,-0.516,-0.317,-119.59877,0.855,766,58,,-0.518,-0.114
99,House,14868,33,2,MN,200,0,1,"WEBER, John Vincent (Vin)",W000237,1952,,0.381,-0.544,-325.27467,0.644,739,147,,0.426,-0.611
99,House,15052,33,1,MN,100,0,1,"PENNY, Timothy Joseph",P000215,1951,,-0.051,-0.502,-455.35343,0.557,777,256,,-0.032,-0.816
99,House,15059,33,6,MN,100,0,1,"SIKORSKI, Gerald Edward",S000407,1948,,-0.217,-0.976,-279.59013,0.692,759,135,,-0.181,-0.983
99,House,10075,46,1,MS,100,0,1,"WHITTEN, Jamie Lloyd",W000428,1910,1995.0,-0.161,0.987,-222.8571,0.731,711,98,,-0.28,0.704
99,House,11035,46,3,MS,100,0,1,"MONTGOMERY, Gillespie V. (Sonny)",M000865,1920,2006.0,0.017,1.0,-203.55875,0.765,761,89,,0.054,0.999
99,House,14031,46,5,MS,200,0,1,"LOTT, Chester Trent",L000447,1941,,0.39,0.194,-213.59608,0.743,720,105,,0.432,0.143
99,House,14874,46,4,MS,100,0,1,"DOWDY, Charles Wayne",D000466,1943,,-0.259,0.724,-147.42854,0.802,668,72,,-0.23,0.762
99,House,15025,46,2,MS,200,0,1,"FRANKLIN, William Webster",F000347,1941,,0.303,0.227,-257.18881,0.696,709,115,,0.305,0.245
99,House,12009,34,1,MO,100,0,1,"CLAY, William Lacy, Sr.",C000488,1931,,-0.49,-0.872,-237.31285,0.704,676,96,,-0.995,-0.096
99,House,14057,34,7,MO,200,0,1,"TAYLOR, Gene",T000075,1928,1998.0,0.328,0.442,-278.5015,0.687,743,136,,0.312,0.295
99,House,14410,34,6,MO,200,0,1,"COLEMAN, Earl Thomas",C000618,1943,,0.262,-0.265,-259.12457,0.704,739,103,,0.278,-0.274
99,House,14421,34,3,MO,100,0,1,"GEPHARDT, Richard Andrew",G000132,1941,,-0.416,0.245,-105.01779,0.847,634,42,,-0.375,0.3
99,House,14451,34,4,MO,100,0,1,"SKELTON, Isaac Newton, IV (Ike)",S000465,1931,2013.0,-0.172,0.724,-199.29689,0.76,725,85,,-0.138,0.735
99,House,14459,34,9,MO,100,0,1,"VOLKMER, Harold Lee",V000112,1931,2011.0,-0.196,0.329,-256.47923,0.715,764,111,,-0.131,0.099
99,House,14465,34,2,MO,100,0,1,"YOUNG, Robert Anton, III",Y000051,1923,2007.0,-0.3,0.458,-137.81627,0.828,728,51,,-0.356,0.595
99,House,14819,34,8,MO,200,0,1,"EMERSON, Norvell William (Bill)",E000174,1938,1996.0,0.332,-0.125,-266.94481,0.706,766,127,,0.313,-0.111
99,House,15076,34,5,MO,100,0,1,"WHEAT, Alan Dupree",W000326,1951,,-0.465,-0.73,-114.95264,0.862,773,45,,-0.546,-0.248
99,House,14437,64,2,MT,200,0,1,"MARLENEE, Ronald Charles",M000139,1935,,0.393,-0.212,-303.53167,0.646,695,132,,0.465,0.024
99,House,14672,64,1,MT,100,0,1,"WILLIAMS, John Patrick",W000520,1937,,-0.315,-0.138,-214.29901,0.725,667,89,,-0.461,-0.01
99,House,14276,35,3,NE,200,0,1,"SMITH, Virginia Dodd",S000622,1911,2006.0,0.238,0.033,-344.87945,0.631,748,155,,0.221,0.042
99,House,14605,35,1,NE,200,0,1,"BEREUTER, Douglas Kent",B000403,1939,,0.231,-0.347,-327.63926,0.654,771,152,,0.256,-0.53
99,House,14810,35,2,NE,200,0,1,"DAUB, Harold John, Jr., (Hal)",D000065,1941,,0.391,-0.322,-242.37005,0.73,769,97,,0.412,-0.341
99,House,15054,65,1,NV,100,0,1,"REID, Harry",R000146,1939,,-0.276,0.258,-213.66303,0.759,775,96,,-0.228,0.232
99,House,15075,65,2,NV,200,0,1,"VUCANOVICH, Barbara Farrell",V000124,1921,2013.0,0.441,-0.109,-261.70458,0.705,748,119,,0.441,-0.192
99,House,14826,4,2,NH,200,0,1,"GREGG, Judd Alan",G000445,1947,,0.429,-0.737,-242.19134,0.716,724,110,,0.477,-0.798
99,House,15116,4,1,NH,200,1,1,"SMITH, Robert C.",S000606,1941,,0.623,-0.468,-191.09486,0.782,776,85,,0.553,-0.515
99,House,8010,12,10,NJ,100,0,1,"RODINO, Peter Wallace, Jr.",R000374,1909,2005.0,-0.435,-0.224,-95.59866,0.87,689,39,,-0.55,-0.18
99,House,10739,12,3,NJ,100,0,1,"HOWARD, James John",H000840,1927,1988.0,-0.431,-0.018,-119.69192,0.853,754,45,,-0.427,0.071
99,House,12042,12,8,NJ,100,0,1,"ROE, Robert A.",R000383,1924,2014.0,-0.326,0.123,-120.91464,0.848,735,50,,-0.371,0.22
99,House,14046,12,7,NJ,200,0,1,"RINALDO, Matthew John",R000262,1931,2008.0,0.023,-0.392,-308.44105,0.66,743,139,,0.037,-0.203
99,House,14223,12,1,NJ,100,0,1,"FLORIO, James Joseph",F000215,1937,,-0.318,-0.101,-142.288,0.822,727,61,,-0.325,0.005
99,House,14238,12,2,NJ,100,0,1,"HUGHES, William John",H000930,1932,,-0.153,-0.204,-339.76326,0.644,771,149,,-0.108,-0.283
99,House,14614,12,12,NJ,200,0,1,"COURTER, James Andrew",C000809,1941,,0.269,-0.465,-288.32109,0.679,746,136,,0.281,-0.549
99,House,14631,12,14,NJ,100,0,1,"GUARINI, Frank Joseph, Jr.",G000511,1924,,-0.295,-0.047,-136.27165,0.834,752,54,,-0.344,0.076
99,House,14815,12,6,NJ,100,0,1,"DWYER, Bernard James",D000586,1921,1998.0,-0.373,0.048,-100.68882,0.877,767,33,,-0.398,0.104
99,House,14855,12,5,NJ,200,0,1,"ROUKEMA, Margaret Scafati",R000465,1929,2014.0,0.162,-0.701,-312.54478,0.662,759,149,,0.145,-0.617
99,House,14863,12,4,NJ,200,0,1,"SMITH, Christopher Henry",S000522,1953,,0.161,-0.172,-366.63403,0.61768,761,182,,0.029,-0.311
99,House,15071,12,9,NJ,100,0,1,"TORRICELLI, Robert Guy",T000317,1951,,-0.262,-0.118,-133.46404,0.833,730,49,,-0.284,-0.127
99,House,15099,12,11,NJ,200,1,1,"GALLO, Dean Anderson",G000025,1935,1994.0,0.203,-0.498,-283.25292,0.693,773,138,,0.26,-0.572
99,House,15112,12,13,NJ,200,1,1,"SAXTON, Hugh James",S000097,1943,,0.238,-0.378,-279.34342,0.697,774,131,,0.238,-0.514
99,House,12022,66,1,NM,200,0,1,"LUJÁN, Manuel, Jr.",L000506,1928,,0.272,-0.059,-295.14573,0.655,698,151,,0.287,0.15
99,House,14861,66,2,NM,200,0,1,"SKEEN, Joseph Richard",S000463,1927,2003.0,0.301,0.034,-300.86495,0.676,767,157,,0.33,-0.044
99,House,15055,66,3,NM,100,0,1,"RICHARDSON, Bill",R000229,1947,,-0.321,0.227,-142.83037,0.826,749,56,,-0.305,0.204
99,House,9017,13,23,NY,100,0,1,"STRATTON, Samuel Studdiford",S000997,1916,1990.0,-0.139,0.208,-366.97296,0.607,734,149,,-0.057,0.477
99,House,10500,13,6,NY,100,1,1,"ADDABBO, Joseph Patrick",A000052,1925,1986.0,-0.402,-0.084,-37.57483,0.861,251,18,,-0.558,0.175
99,House,10596,13,29,NY,200,0,1,"HORTON, Frank Jefferson",H000797,1919,2004.0,-0.004,-0.359,-276.90059,0.678,713,119,,-0.044,-0.216
99,House,10768,13,8,NY,100,0,1,"SCHEUER, James Haas",S000124,1920,2005.0,-0.478,-0.349,-140.85684,0.826,736,63,,-0.455,-0.228
99,House,12003,13,19,NY,100,0,1,"BIAGGI, Mario",B000432,1917,2015.0,-0.339,0.197,-165.73173,0.786,687,73,,-0.292,0.272
99,House,12013,13,21,NY,200,0,1,"FISH, Hamilton, Jr.",F000141,1926,1996.0,0.07,-0.423,-313.13932,0.641,703,142,,0.048,-0.392
99,House,13020,13,31,NY,200,0,1,"KEMP, Jack French",K000086,1935,2009.0,0.3,-0.133,-294.74968,0.642,665,163,,0.266,0.152
99,House,13021,13,4,NY,200,0,1,"LENT, Norman Frederick",L000243,1931,2012.0,0.183,-0.24,-289.20581,0.676,738,152,,0.229,-0.383
99,House,13035,13,16,NY,100,0,1,"RANGEL, Charles B.",R000053,1930,,-0.514,-0.341,-103.68193,0.867,725,34,,-0.594,-0.149
99,House,14015,13,22,NY,200,0,1,"GILMAN, Benjamin Arthur",G000212,1922,,0.043,-0.425,-335.64241,0.648,773,156,,0.035,-0.272
99,House,14214,13,2,NY,100,0,1,"DOWNEY, Thomas Joseph",D000471,1949,,-0.384,-0.341,-123.1568,0.846,737,51,,-0.377,-0.334
99,House,14248,13,32,NY,100,0,1,"LaFALCE, John Joseph",L000556,1939,,-0.357,0.112,-295.6906,0.665,724,111,,-0.216,-0.288
99,House,14253,13,28,NY,100,0,1,"McHUGH, Matthew Francis",M000473,1938,,-0.353,-0.227,-137.33502,0.834,757,59,,-0.399,-0.078
99,House,14264,13,33,NY,100,0,1,"NOWAK, Henry James",N000163,1935,,-0.332,-0.123,-140.27855,0.83,754,54,,-0.352,-0.115
99,House,14277,13,13,NY,100,0,1,"SOLARZ, Stephen Joshua",S000673,1940,2010.0,-0.429,-0.258,-120.11409,0.848,726,47,,-0.402,-0.174
99,House,14289,13,34,NY,100,0,1,"LUNDINE, Stanley Nelson",L000516,1939,,-0.31,-0.273,-161.78242,0.763,597,61,,-0.332,-0.172
99,House,14463,13,17,NY,100,0,1,"WEISS, Theodore S.",W000258,1927,1992.0,-0.564,-0.71,-117.37098,0.858,768,48,,-0.6,-0.619
99,House,14470,13,18,NY,100,0,1,"GARCIA, Robert",G000047,1933,,-0.559,-0.349,-79.1508,0.889,675,29,,-0.596,-0.241
99,House,14471,13,15,NY,200,0,1,"GREEN, Sedgwick William (Bill)",G000417,1929,2002.0,-0.044,-0.733,-346.1794,0.634,760,162,,-0.045,-0.673
99,House,14610,13,1,NY,200,0,1,"CARNEY, William",C000165,1942,,0.326,-0.173,-270.91202,0.664,662,124,,0.351,-0.314
99,House,14662,13,24,NY,200,0,1,"SOLOMON, Gerald Brooks Hunt",S000675,1930,2001.0,0.492,-0.333,-219.21073,0.739,726,100,,0.467,-0.32
99,House,14840,13,26,NY,200,0,1,"MARTIN, David O'Brien",M000174,1944,2012.0,0.232,-0.232,-270.23449,0.681,704,134,,0.2,-0.126
99,House,14845,13,5,NY,200,0,1,"McGRATH, Raymond Joseph",M000458,1942,,0.185,-0.45,-296.84728,0.656,703,140,,0.216,-0.488
99,House,14846,13,14,NY,200,0,1,"MOLINARI, Guy Victor",M000842,1928,,0.255,-0.465,-344.50204,0.64,771,167,,0.258,-0.438
99,House,14858,13,10,NY,100,0,1,"SCHUMER, Charles Ellis (Chuck)",S000148,1950,,-0.351,-0.39,-130.64539,0.83634,731,57,,-0.353,-0.378
99,House,14870,13,27,NY,200,0,1,"WORTLEY, George Cornelius",W000752,1926,2014.0,0.207,-0.094,-290.65225,0.674,738,132,,0.17,-0.055
99,House,15000,13,7,NY,100,0,1,"ACKERMAN, Gary Leonard",A000022,1942,,-0.429,-0.165,-99.89021,0.867,698,38,,-0.517,-0.242
99,House,15007,13,25,NY,200,0,1,"BOEHLERT, Sherwood Louis",B000586,1936,,0.103,-0.718,-284.8211,0.688,761,129,,0.102,-0.767
99,House,15046,13,3,NY,100,0,1,"MRAZEK, Robert Jan",M001057,1945,,-0.349,-0.281,-172.1314,0.791,736,73,,-0.313,-0.404
99,House,15050,13,12,NY,100,0,1,"OWENS, Major Robert Odell",O000159,1936,2013.0,-0.569,-0.516,-104.4241,0.863,711,42,,-0.603,-0.244
99,House,15072,13,11,NY,100,0,1,"TOWNS, Edolphus",T000326,1934,,-0.519,-0.132,-105.79702,0.857,683,43,,-0.605,-0.28
99,House,15095,13,20,NY,200,1,1,"DioGUARDI, Joseph J.",D000359,1940,,0.218,-0.489,-338.29293,0.64,758,180,,0.171,-0.288
99,House,15097,13,30,NY,200,1,1,"ECKERT, Fred J.",E000033,1941,,0.409,0.201,-302.64347,0.662,735,138,,0.411,0.235
99,House,15107,13,9,NY,100,1,1,"MANTON, Thomas J.",M000117,1932,2006.0,-0.361,0.382,-103.27897,0.868,727,36,,-0.41,0.325
99,House,15244,13,6,NY,100,2,2,"WALDON, Alton R., Jr.",W000038,1936,,-0.501,0.165,-32.22742,0.831,174,11,,-0.5,0.157
99,House,10574,47,10,NC,200,0,1,"BROYHILL, James Thomas",B000966,1927,,0.269,0.021,-247.97337,0.696,683,115,,0.273,0.299
99,House,10788,47,1,NC,100,0,1,"JONES, Walter Beaman, Sr.",J000256,1913,1992.0,-0.259,0.941,-182.79358,0.763,676,79,,-0.355,0.586
99,House,14048,47,7,NC,100,0,1,"ROSE, Charles Grandison, III",R000436,1939,2012.0,-0.319,0.573,-156.61561,0.802,708,71,,-0.309,0.547
99,House,14233,47,8,NC,100,0,1,"HEFNER, Willie Gathrel (Bill)",H000448,1930,2009.0,-0.264,0.609,-110.86853,0.84,638,39,,-0.309,0.861
99,House,14262,47,5,NC,100,0,1,"NEAL, Stephen Lybrook",N000016,1934,,-0.145,0.112,-220.97548,0.735,717,105,,-0.154,0.074
99,House,14464,47,3,NC,100,0,1,"WHITLEY, Charles Orville",W000419,1927,2002.0,-0.175,0.73,-176.79708,0.789,746,86,,-0.239,0.772
99,House,14832,47,11,NC,200,1,1,"HENDON, William Martin",H000490,1944,,0.335,-0.122,-288.0533,0.682,754,136,,0.307,-0.189
99,House,15073,47,2,NC,100,0,1,"VALENTINE, Itimous Thaddeus, Jr., (Tim)",V000006,1926,2015.0,-0.084,0.465,-204.3586,0.763,754,93,,-0.13,0.748
99,House,15091,47,4,NC,200,1,1,"COBEY, William Wilfred, Jr.",C000555,1939,,0.468,-0.254,-211.32706,0.759,768,97,,0.467,-0.251
99,House,15092,47,6,NC,200,1,1,"COBLE, Howard",C000556,1931,2015.0,0.52,-0.081,-277.20089,0.694,758,124,,0.416,-0.209
99,House,15108,47,9,NC,200,1,1,"McMILLAN, John Alexander, III (Alex)",M000566,1932,,0.294,-0.248,-275.54185,0.697,763,140,,0.294,-0.004
99,House,14812,36,1,ND,100,0,1,"DORGAN, Byron Leslie",D000432,1942,,-0.267,0.09,-282.73578,0.688,756,121,,-0.206,-0.18
99,House,5495,24,5,OH,200,0,1,"LATTA, Delbert Leroy",L000116,1920,2016.0,0.391,-0.084,-236.56977,0.714,703,105,,0.403,-0.147
99,House,11034,24,10,OH,200,0,1,"MILLER, Clarence E.",M000718,1917,2011.0,0.416,-0.304,-275.76575,0.685,729,125,,0.376,-0.15
99,House,11058,24,15,OH,200,0,1,"WYLIE, Chalmers Pangburn",W000781,1920,1998.0,0.23,-0.13,-312.81318,0.652,731,149,,0.18,0.045
99,House,12030,24,21,OH,100,0,1,"STOKES, Louis",S000948,1925,2015.0,-0.578,-0.312,-87.48304,0.885,718,29,,-0.633,-0.214
99,House,13040,24,14,OH,100,0,1,"SEIBERLING, John Frederick",S000230,1918,2008.0,-0.496,-0.457,-125.48462,0.833,689,58,,-0.452,-0.532
99,House,14045,24,16,OH,200,0,1,"REGULA, Ralph Straus",R000141,1924,,0.221,-0.223,-352.57018,0.631,767,198,,0.136,-0.111
99,House,14070,24,1,OH,100,0,1,"LUKEN, Thomas Andrew",L000508,1925,,-0.163,-0.077,-243.22794,0.711,712,103,,-0.192,-0.173
99,House,14225,24,2,OH,200,0,1,"GRADISON, Willis David, Jr.",G000349,1928,,0.233,-0.338,-422.26974,0.566,742,234,,0.189,-0.145
99,House,14245,24,8,OH,200,0,1,"KINDNESS, Thomas Norman",K000190,1929,2004.0,0.419,-0.051,-221.28343,0.713,653,103,,0.406,-0.131
99,House,14402,24,18,OH,100,0,1,"APPLEGATE, Douglas Earl",A000214,1928,,-0.106,0.166,-299.75346,0.659,720,149,,-0.096,-0.044
99,House,14443,24,20,OH,100,0,1,"OAKAR, Mary Rose",O000001,1940,,-0.4,0.07,-105.60022,0.867,737,42,,-0.529,0.193
99,House,14445,24,13,OH,100,0,1,"PEASE, Donald James",P000170,1931,2002.0,-0.308,-0.329,-168.34254,0.804,773,67,,-0.307,-0.175
99,House,14632,24,3,OH,100,0,1,"HALL, Tony Patrick",H000074,1942,,-0.28,0.155,-234.26937,0.722,719,98,,-0.228,-0.139
99,House,14818,24,11,OH,100,0,1,"ECKART, Dennis Edward",E000031,1950,,-0.242,-0.258,-207.44765,0.765,773,92,,-0.221,-0.147
99,House,14844,24,6,OH,200,0,1,"McEWEN, Bob",M000432,1950,,0.359,0.089,-258.45028,0.691,700,124,,0.323,0.112
99,House,14875,24,4,OH,200,0,1,"OXLEY, Michael Garver",O000163,1944,2016.0,0.382,-0.093,-232.32928,0.733,748,91,,0.439,-0.272
99,House,15020,24,7,OH,200,0,1,"DeWINE, Michael",D000294,1947,,0.289,-0.418,-265.10686,0.704,756,123,,0.404,-0.46
99,House,15024,24,19,OH,100,0,1,"FEIGHAN, Edward Farrell",F000059,1947,,-0.304,-0.267,-144.70315,0.825,753,61,,-0.294,-0.241
99,House,15029,24,9,OH,100,0,1,"KAPTUR, Marcia Carolyn (Marcy)",K000009,1946,,-0.35,0.108,-133.81011,0.8304,720,51,,-0.281,-0.031
99,House,15030,24,12,OH,200,0,1,"KASICH, John Richard",K000016,1952,,0.314,0.013,-243.91161,0.726,761,104,,0.311,-0.047
99,House,15121,24,17,OH,100,1,1,"TRAFICANT, James A., Jr.",T000350,1941,2014.0,-0.082,0.071,-341.85217,0.636,756,160,,-0.274,-0.304
99,House,14026,53,1,OK,100,0,1,"JONES, James Robert",J000232,1939,,-0.095,0.444,-339.78787,0.612,692,164,,-0.047,0.033
99,House,14219,53,6,OK,100,0,1,"ENGLISH, Glenn Lee, Jr.",E000184,1940,,-0.027,0.603,-296.92514,0.674,753,151,,-0.005,0.47
99,House,14415,53,5,OK,200,0,1,"EDWARDS, Marvin Henry (Mickey)",E000077,1937,,0.394,-0.05,-269.27055,0.683,705,123,,0.343,-0.093
99,House,14462,53,3,OK,100,0,1,"WATKINS, Wesley Wade",W000194,1938,,-0.126,0.741,-281.26596,0.685,744,133,,-0.161,0.432
99,House,14667,53,2,OK,100,0,1,"SYNAR, Michael Lynn",S001139,1950,1996.0,-0.321,-0.032,-234.25182,0.735,761,94,,-0.262,-0.195
99,House,14843,53,4,OK,100,0,1,"McCURDY, David Keith",M000398,1950,,-0.112,0.299,-229.40317,0.728,724,112,,-0.126,0.322
99,House,14201,72,1,OR,100,0,1,"AuCOIN, Les",A000337,1942,,-0.231,-0.418,-257.47766,0.698,715,108,,-0.2,-0.416
99,House,14281,72,4,OR,100,0,1,"WEAVER, James Howard",W000227,1927,,-0.311,-0.578,-212.53389,0.712,625,88,,-0.416,-0.656
99,House,14864,72,5,OR,200,0,1,"SMITH, Dennis Alan (Denny)",S000527,1938,,0.603,-0.182,-195.27259,0.766,734,84,,0.594,-0.193
99,House,14871,72,3,OR,100,0,1,"WYDEN, Ronald Lee",W000779,1949,,-0.321,-0.433,-234.13544,0.73752,769,98,,-0.213,-0.214
99,House,15063,72,2,OR,200,0,1,"SMITH, Robert Freeman",S000607,1931,,0.396,-0.203,-279.23537,0.686,742,113,,0.367,-0.262
99,House,10607,14,10,PA,200,0,1,"McDADE, Joseph Michael",M000399,1931,,0.093,-0.355,-305.29115,0.649,706,136,,0.051,-0.193
99,House,11067,14,20,PA,100,0,1,"GAYDOS, Joseph Matthew",G000105,1926,2015.0,-0.278,0.398,-190.45316,0.767,719,93,,-0.281,0.629
99,House,12010,14,13,PA,200,0,1,"COUGHLIN, Robert Lawrence",C000807,1929,2001.0,0.204,-0.844,-299.42602,0.673,756,158,,0.158,-0.902
99,House,12035,14,6,PA,100,0,1,"YATRON, Gus",Y000014,1927,2003.0,-0.174,0.094,-198.71949,0.768,753,97,,-0.176,0.129
99,House,14052,14,9,PA,200,0,1,"SHUSTER, E. G. (Bud)",S000394,1932,,0.416,0.144,-260.20569,0.706,747,115,,0.448,-0.049
99,House,14072,14,12,PA,100,0,1,"MURTHA, John Patrick, Jr.",M001120,1932,2010.0,-0.265,0.569,-172.93584,0.788,724,71,,-0.314,0.949
99,House,14217,14,7,PA,100,0,1,"EDGAR, Robert William",E000043,1943,2013.0,-0.334,-0.718,-104.99718,0.84,603,32,,-0.362,-0.516
99,House,14273,14,5,PA,200,0,1,"SCHULZE, Richard Taylor",S000146,1929,,0.271,-0.036,-310.31772,0.642,701,143,,0.242,0.015
99,House,14288,14,19,PA,200,0,1,"GOODLING, William Franklin",G000291,1927,,0.336,-0.494,-319.35953,0.651,743,160,,0.267,-0.579
99,House,14431,14,8,PA,100,0,1,"KOSTMAYER, Peter Houston",K000319,1946,,-0.298,-0.573,-152.83814,0.817,758,60,,-0.306,-0.428
99,House,14441,14,22,PA,100,0,1,"MURPHY, Austin John",M001088,1927,,-0.081,-0.357,-334.24099,0.64,749,149,,-0.164,0.084
99,House,14460,14,18,PA,100,0,1,"WALGREN, Douglas",W000044,1940,,-0.247,-0.317,-177.91061,0.787,741,78,,-0.288,-0.224
99,House,14461,14,16,PA,200,0,1,"WALKER, Robert Smith",W000068,1942,,0.581,-0.639,-174.95403,0.797,772,62,,0.582,-0.591
99,House,14612,14,23,PA,200,0,1,"CLINGER, William Floyd, Jr.",C000523,1929,,0.176,-0.221,-372.82464,0.618,774,197,,0.111,-0.244
99,House,14629,14,2,PA,100,0,1,"GRAY, William Herbert, III",G000402,1941,2013.0,-0.511,-0.219,-90.11388,0.877,684,31,,-0.509,0.005
99,House,14654,14,15,PA,200,0,1,"RITTER, Donald Lawrence",R000277,1940,,0.268,-0.154,-330.32174,0.636,730,176,,0.274,-0.072
99,House,14808,14,14,PA,100,0,1,"COYNE, William Joseph",C000846,1936,2013.0,-0.494,-0.119,-107.15008,0.868,758,39,,-0.539,0.058
99,House,14823,14,1,PA,100,0,1,"FOGLIETTA, Thomas Michael",F000235,1928,2004.0,-0.506,-0.057,-116.65484,0.845,693,53,,-0.45,-0.042
99,House,15008,14,3,PA,100,0,1,"BORSKI, Robert Anthony, Jr.",B000644,1948,,-0.416,0.406,-119.16263,0.855,760,47,,-0.38,0.165
99,House,15026,14,17,PA,200,0,1,"GEKAS, George William",G000121,1930,,0.426,-0.295,-319.01408,0.661,771,147,,0.395,-0.424
99,House,15031,14,4,PA,100,0,1,"KOLTER, Joseph Paul",K000307,1926,,-0.28,0.388,-184.61523,0.778,734,93,,-0.275,0.346
99,House,15056,14,21,PA,200,0,1,"RIDGE, Thomas Joseph",R000243,1945,,0.186,-0.669,-322.43327,0.651,750,163,,0.173,-0.708
99,House,15104,14,11,PA,100,1,1,"KANJORSKI, Paul E.",K000008,1937,,-0.303,0.364,-230.97832,0.738,759,101,,-0.196,0.143
99,House,10561,5,1,RI,100,0,1,"ST. GERMAIN, Fernand Joseph",S000762,1928,2014.0,-0.355,-0.091,-148.25623,0.81,702,62,,-0.351,-0.08
99,House,14857,5,2,RI,200,0,1,"SCHNEIDER, Claudine",S000136,1947,,-0.026,-0.733,-279.50205,0.677,716,132,,-0.022,-0.658
99,House,13042,48,2,SC,200,0,1,"SPENCE, Floyd Davidson",S000718,1928,2001.0,0.32,0.185,-276.46317,0.695,761,136,,0.323,0.048
99,House,14212,48,3,SC,100,0,1,"DERRICK, Butler Carson, Jr.",D000267,1936,2014.0,-0.215,0.258,-260.63389,0.697,723,89,,-0.146,0.006
99,House,14609,48,4,SC,200,0,1,"CAMPBELL, Carroll Ashmore, Jr.",C000079,1940,2005.0,0.306,0.115,-157.74693,0.738,519,70,,0.319,0.063
99,House,14830,48,1,SC,200,0,1,"HARTNETT, Thomas Forbes",H000302,1941,,0.503,0.142,-167.13278,0.727,525,81,,0.488,0.375
99,House,15064,48,5,SC,100,0,1,"SPRATT, John McKee, Jr.",S000749,1942,,-0.256,0.255,-203.60727,0.765,761,91,,-0.199,0.291
99,House,15068,48,6,SC,100,0,1,"TALLON, Robert Mooneyhan, Jr. (Robin)",T000034,1946,,-0.1,0.366,-208.62275,0.752,731,97,,-0.103,0.452
99,House,14617,37,1,SD,100,0,1,"DASCHLE, Thomas Andrew",D000064,1947,,-0.303,0.114,-223.27351,0.74,742,102,,-0.232,-0.057
99,House,10616,54,1,TN,200,0,1,"QUILLEN, James Henry",Q000013,1916,2003.0,0.246,0.23,-323.7794,0.63,700,156,,0.201,0.331
99,House,10719,54,2,TN,200,0,1,"DUNCAN, John James",D000534,1919,1988.0,0.194,0.21,-270.74541,0.7,760,117,,0.19,0.21
99,House,12038,54,8,TN,100,0,1,"JONES, Ed",J000216,1912,1999.0,-0.245,0.827,-175.71321,0.781,712,77,,-0.244,0.66
99,House,14224,54,9,TN,100,0,1,"FORD, Harold Eugene",F000261,1945,,-0.438,-0.064,-113.15967,0.842,660,46,,-0.545,0.014
99,House,14251,54,3,TN,100,0,1,"LLOYD, Marilyn Laird",L000381,1929,,-0.058,0.452,-483.71772,0.52,739,174,,0.072,0.051
99,House,14607,54,5,TN,100,0,1,"BONER, William Hill",B000615,1945,,-0.228,0.455,-154.62237,0.802,702,69,,-0.22,0.472
99,House,15019,54,4,TN,100,0,1,"COOPER, James Hayes Shofner",C000754,1954,,-0.161,-0.035,-232.54496,0.73491,755,103,,-0.207,0.065
99,House,15066,54,7,TN,200,0,1,"SUNDQUIST, Donald Kenneth",S001075,1936,,0.371,-0.202,-227.92492,0.741,760,102,,0.382,-0.148
99,House,15100,54,6,TN,100,1,1,"GORDON, Barton Jennings",G000309,1949,,-0.204,0.286,-182.23804,0.781,736,89,,-0.222,0.206
99,House,1077,49,9,TX,100,0,1,"BROOKS, Jack Bascom",B000880,1922,2012.0,-0.407,0.725,-127.69504,0.829,682,51,,-0.389,0.468
99,House,10391,49,12,TX,100,0,1,"WRIGHT, James Claude, Jr.",W000763,1922,2015.0,-0.383,0.672,-113.01743,0.847,682,49,,-0.44,0.591
99,House,10520,49,20,TX,100,0,1,"GONZÁLEZ, Henry B.",G000272,1916,2000.0,-0.538,0.558,-214.20916,0.752,752,80,,-0.805,0.593
99,House,10614,49,10,TX,100,0,1,"PICKLE, James Jarrell (Jake)",P000328,1913,2005.0,-0.218,0.523,-243.17588,0.715,725,113,,-0.158,0.353
99,House,10716,49,15,TX,100,0,1,"de la GARZA, Eligio, II (Kika)",D000203,1927,,-0.255,0.757,-173.24426,0.775,679,76,,-0.342,0.788
99,House,13002,49,7,TX,200,0,1,"ARCHER, William Reynolds, Jr.",A000215,1928,,0.496,0.2,-250.43677,0.715,746,131,,0.507,0.477
99,House,14062,49,2,TX,100,0,1,"WILSON, Charles",W000570,1933,2010.0,-0.196,0.474,-177.46552,0.746,605,75,,-0.251,0.914
99,House,14291,49,1,TX,100,1,1,"HALL, Sam Blakeley, Jr.",H000070,1924,1994.0,0.054,0.936,-17.18146,0.8,77,10,,0.097,0.868
99,House,14626,49,24,TX,100,0,1,"FROST, Jonas Martin",F000392,1942,,-0.316,0.354,-145.42957,0.81,690,68,,-0.361,0.615
99,House,14641,49,11,TX,100,0,1,"LEATH, James Marvin",L000180,1931,2000.0,0.049,0.999,-296.60695,0.662,720,140,,0.025,1.0
99,House,14643,49,18,TX,100,0,1,"LELAND, George Thomas (Mickey)",L000237,1944,1989.0,-0.596,-0.228,-99.473,0.872,724,43,,-0.667,0.042
99,House,14645,49,21,TX,200,0,1,"LOEFFLER, Thomas Gilbert",L000396,1946,,0.425,0.229,-193.20296,0.724,599,85,,0.425,0.014
99,House,14664,49,17,TX,100,0,1,"STENHOLM, Charles Walter",S000851,1938,,0.019,1.0,-513.37457,0.512,767,230,,0.24,0.716
99,House,14822,49,8,TX,200,0,1,"FIELDS, Jack Milton, Jr.",F000111,1952,,0.541,-0.128,-180.40959,0.786,748,70,,0.548,-0.165
99,House,14828,49,4,TX,100,0,1,"HALL, Ralph Moody",H000067,1923,,0.096,0.995,-338.07118,0.633,739,172,,0.16,0.828
99,House,15001,49,25,TX,100,0,1,"ANDREWS, Michael Allen",A000209,1944,,-0.135,0.32,-196.72657,0.772,759,81,,-0.15,0.418
99,House,15002,49,3,TX,200,0,1,"BARTLETT, Harry Stephen (Steve)",B000204,1947,,0.46,0.139,-269.34067,0.704,767,119,,0.555,-0.263
99,House,15013,49,5,TX,100,0,1,"BRYANT, John Wiley",B000997,1947,,-0.358,0.135,-184.72441,0.782,750,83,,-0.275,0.093
99,House,15018,49,16,TX,100,0,1,"COLEMAN, Ronald D'Emory",C000621,1941,,-0.402,0.548,-204.9763,0.764,762,88,,-0.308,0.56
99,House,15049,49,27,TX,100,0,1,"ORTIZ, Solomon P.",O000107,1937,,-0.272,0.712,-152.27778,0.81,722,57,,-0.357,0.934
99,House,15085,49,6,TX,200,1,1,"BARTON, Joe Linus",B000213,1949,,0.528,0.046,-185.41435,0.78199,754,76,,0.548,-0.066
99,House,15087,49,13,TX,200,1,1,"BOULTER, Eldon Beau",B000666,1942,,0.483,0.005,-229.20196,0.74,760,95,,0.455,0.054
99,House,15089,49,23,TX,100,1,1,"BUSTAMANTE, Albert G.",B001172,1935,,-0.392,0.667,-132.91955,0.832,725,57,,-0.402,0.801
99,House,15093,49,19,TX,200,1,1,"COMBEST, Larry Ed",C000653,1945,,0.458,0.555,-215.16564,0.758,777,91,,0.443,0.445
99,House,15094,49,22,TX,200,1,1,"DeLAY, Thomas Dale",D000217,1947,,0.593,0.059,-174.17249,0.791,742,72,,0.659,0.168
99,House,15119,49,14,TX,200,1,1,"SWEENEY, David McCann (Mac)",S001101,1955,,0.367,0.291,-222.20934,0.732,713,88,,0.357,0.336
99,House,15125,49,26,TX,200,1,1,"ARMEY, Richard Keith",A000217,1940,,0.635,-0.089,-163.15775,0.809,768,62,,0.712,-0.109
99,House,15129,49,1,TX,100,2,2,"CHAPMAN, Jim",C000312,1945,,-0.198,0.657,-147.23922,0.75,511,68,,-0.12,0.507
99,House,14829,67,1,UT,200,0,1,"HANSEN, James Vear",H000172,1932,,0.496,0.143,-206.17877,0.75,718,93,,0.563,0.313
99,House,15047,67,3,UT,200,0,1,"NIELSON, Howard Curtis",N000106,1924,,0.505,0.119,-289.49246,0.689,776,140,,0.492,0.058
99,House,15111,67,2,UT,200,1,1,"MONSON, David Smith",M000860,1945,,0.588,-0.299,-204.95396,0.756,734,84,,0.588,-0.325
99,House,14240,6,1,VT,200,0,1,"JEFFORDS, James Merrill",J000072,1934,2014.0,0.014,-0.687,-334.92188,0.637,742,170,,-0.0,-0.609
99,House,12011,40,5,VA,100,0,1,"DANIEL, Wilbur Clarence (Dan)",D000038,1914,1988.0,0.161,0.775,-292.16588,0.669,727,138,,0.11,0.964
99,House,12033,40,2,VA,200,0,1,"WHITEHURST, George William",W000406,1925,,0.233,0.06,-296.56658,0.64,664,151,,0.286,-0.097
99,House,14043,40,8,VA,200,0,1,"PARRIS, Stanford E.",P000080,1929,2010.0,0.287,-0.179,-321.71086,0.646,737,152,,0.281,-0.119
99,House,14802,40,3,VA,200,0,1,"BLILEY, Thomas Jerome, Jr.",B000556,1932,,0.382,-0.13,-279.37008,0.693,763,131,,0.345,-0.278
99,House,14869,40,10,VA,200,0,1,"WOLF, Frank Rudolph",W000672,1939,,0.284,-0.213,-331.17093,0.649,766,154,,0.256,-0.389
99,House,15003,40,1,VA,200,0,1,"BATEMAN, Herbert Harvell",B000229,1928,2000.0,0.242,0.191,-298.86695,0.673,756,138,,0.231,0.214
99,House,15010,40,9,VA,100,0,1,"BOUCHER, Frederick C.",B000657,1946,,-0.265,0.189,-136.46593,0.827,718,45,,-0.298,0.156
99,House,15048,40,6,VA,100,0,1,"OLIN, James R.",O000069,1920,2006.0,-0.119,0.05,-359.68882,0.619,751,160,,-0.075,0.018
99,House,15060,40,4,VA,100,0,1,"SISISKY, Norman",S000453,1927,2001.0,-0.122,0.453,-193.54,0.773,753,92,,-0.185,0.652
99,House,15115,40,7,VA,200,1,1,"SLAUGHTER, Daniel French, Jr.",S000479,1925,1998.0,0.38,-0.18,-215.56871,0.754,762,93,,0.394,-0.153
99,House,10726,73,5,WA,100,0,1,"FOLEY, Thomas Stephen",F000239,1929,2013.0,-0.354,0.192,-113.87301,0.857,738,39,,-0.413,0.277
99,House,14208,73,3,WA,100,0,1,"BONKER, Don Leroy",B000620,1937,,-0.336,-0.059,-150.23951,0.803,686,66,,-0.322,-0.04
99,House,14413,73,6,WA,100,0,1,"DICKS, Norman DeValois",D000327,1940,,-0.312,0.11,-154.65809,0.812,743,57,,-0.339,0.384
99,House,14646,73,7,WA,100,0,1,"LOWRY, Michael Edward",L000486,1939,,-0.401,-0.563,-222.76585,0.747,765,92,,-0.498,-0.867
99,House,14666,73,2,WA,100,0,1,"SWIFT, Allan Byron",S001115,1935,,-0.43,0.099,-131.64242,0.841,758,56,,-0.437,0.179
99,House,14847,73,4,WA,200,0,1,"MORRISON, Sidney Wallace",M000999,1933,,0.153,-0.158,-343.41079,0.638,764,175,,0.186,-0.217
99,House,15016,73,8,WA,200,0,1,"CHANDLER, Rodney Dennis",C000293,1942,,0.254,-0.612,-293.6061,0.669,731,138,,0.257,-0.635
99,House,15110,73,1,WA,200,1,1,"MILLER, John Ripin",M000736,1938,,0.168,-0.555,-405.02309,0.591,770,219,,0.186,-0.476
99,House,14448,56,4,WV,100,0,1,"RAHALL, Nick Joe, II",R000011,1949,,-0.306,0.45,-200.32885,0.766,750,79,,-0.538,0.607
99,House,15065,56,2,WV,100,0,1,"STAGGERS, Harley Orrin, Jr.",S000779,1951,,-0.315,0.158,-182.3827,0.786,759,85,,-0.32,0.153
99,House,15077,56,3,WV,100,0,1,"WISE, Robert Ellsworth, Jr.",W000654,1948,,-0.32,0.253,-177.68853,0.789,750,70,,-0.278,0.025
99,House,15083,56,1,WV,100,0,1,"MOLLOHAN, Alan Bowlby",M000844,1943,,-0.292,0.657,-159.72857,0.809,753,60,,-0.298,0.793
99,House,5101,25,2,WI,100,0,1,"KASTENMEIER, Robert William",K000020,1924,2015.0,-0.514,-0.452,-150.25412,0.821,764,53,,-0.498,-0.6
99,House,12036,25,7,WI,100,0,1,"OBEY, David Ross",O000007,1938,,-0.45,-0.063,-150.13503,0.819,752,58,,-0.409,-0.253
99,House,13003,25,1,WI,100,0,1,"ASPIN, Leslie",A000224,1938,1995.0,-0.32,-0.125,-174.17237,0.781,703,67,,-0.307,0.291
99,House,14655,25,8,WI,200,0,1,"ROTH, Toby A.",R000459,1938,,0.351,-0.21,-279.24442,0.678,719,125,,0.363,-0.32
99,House,14657,25,9,WI,200,0,1,"SENSENBRENNER, Frank James, Jr.",S000244,1943,,0.647,-0.617,-306.54682,0.67019,766,139,,0.483,-0.763
99,House,14675,25,6,WI,200,0,1,"PETRI, Thomas Evert",P000265,1940,,0.379,-0.367,-507.30642,0.516,766,225,,0.241,-0.233
99,House,14827,25,3,WI,200,0,1,"GUNDERSON, Steven Craig",G000524,1951,,0.203,-0.293,-345.1539,0.639,772,161,,0.238,-0.651
99,House,15044,25,5,WI,100,0,1,"MOODY, Jim",M000881,1935,,-0.347,-0.566,-161.3259,0.803,736,69,,-0.421,-0.477
99,House,15082,25,4,WI,100,0,1,"KLECZKA, Gerald Daniel",K000259,1943,,-0.322,-0.093,-165.65983,0.801,748,75,,-0.314,-0.021
99,House,14611,68,1,WY,200,0,1,"CHENEY, Richard Bruce",C000344,1941,,0.523,-0.068,-181.54666,0.779,727,82,,0.608,0.015
